GeoName,LineCode,Description,y1960,y1961,y1962,y1963,y1964,y1965,y1966,y1967,y1968,y1969,y1970,y1971,y1972,y1973,y1974,y1975,y1976,y1977,y1978,y1979,y1980,y1981,y1982,y1983,y1984,y1985,y1986,y1987,y1988,y1989,y1990,y1991,y1992,y1993,y1994,y1995,y1996,y1997,y1998,y1999,y2000,y2001,y2002,y2003,y2004,y2005,y2006,y2007,y2008,y2009,y2010,y2011,y2012,y2013,y2014,y2015,y2016,y2017,y2018,y2019,y2020,y2021
Alabama,1,Personal income (millions of dollars),5188.3,5360.1,5634.1,5984.1,6497.6,7052.4,7563.9,7991.8,8737.5,9737.700000000001,10628.3,11699.3,12999.1,14638.9,16241.1,18100.1,20324.1,22394.9,25339.9,28151.4,31037.1,34465.5,36396.1,38970.5,42870.2,46098.7,48790.3,51652,55558.8,60395.7,64239.8,67929.89999999999,73039.8,76398,80848.39999999999,85473.60000000001,89350,93981.39999999999,99847.7,103369.4,108215.4,111947.4,114904.5,120123.4,128828.7,136861.1,145692.3,152984.4,158450.6,155913.5,162531.1,168474.3,173361.7,175185.3,181078.8,189115.4,192363.5,199336.4,207053.6,215930.4,228748.8,244975.8
Alabama,2,Population (persons) 1/,3274000,3316000,3323000,3358000,3395000,3443000,3464000,3458000,3446000,3440000,3449846,3497452,3540080,3580769,3627805,3680533,3737204,3782736,3834120,3869444,3900368,3918533,3925263,3934100,3951824,3972520,3991569,4015262,4023842,4030219,4050055,4099156,4154014,4214202,4260229,4296800,4331102,4367935,4404701,4430141,4452173,4467634,4480089,4503491,4530729,4569805,4628981,4672840,4718206,4757938,4787998,4812138,4839261,4864399,4886793,4908162,4930595,4952202,4976395,5003418,5024803,5039877
Alabama,3,Per capita personal income (dollars) 2/,1585,1616,1695,1782,1914,2048,2184,2311,2536,2831,3081,3345,3672,4088,4477,4918,5438,5920,6609,7275,7957,8796,9272,9906,10848,11604,12223,12864,13807,14986,15861,16572,17583,18129,18977,19892,20630,21516,22668,23333,24306,25057,25648,26673,28434,29949,31474,32739,33583,32769,33946,35010,35824,36014,37055,38531,39014,40252,41607,43157,45524,48608
Alaska *,1,Personal income (millions of dollars),806.3,796.5,831,900.7,1008.6,1088.5,1158.7,1263.6,1365.1,1575.3,1799,1984.1,2166.8,2507.7,3042.6,4156.8,4893.3,5081.9,5235.9,5546.8,6285,7152.3,8733.4,9513.5,10120.6,10965.8,11065.6,10618.1,11067.6,12110.5,12843.3,13405.1,14270.7,15007.3,15513.1,15955.8,16403,17276.6,18136,18712.5,20122.4,21309.2,22325.3,23340.3,24404.3,26061.2,27793.4,29869.1,32907.7,33028.4,35452,37981.8,39266,38978,41210,42555.1,41837.4,42497.1,44102.7,45293.9,46430.3,49190.3
Alaska *,2,Population (persons) 1/,229000,238000,246000,256000,263000,271000,271000,278000,285000,296000,304328,316494,326494,333232,344696,370973,393115,397363,402191,403544,405315,418493,449606,488418,513704,532496,544269,539310,541984,547160,553290,570193,588736,599432,603308,604412,608569,612968,619932,624779,627963,633714,642337,648414,659286,666946,675302,680300,687455,698895,714014,722511,731106,738057,737638,739127,743410,741949,737717,734823,732441,732673
Alaska *,3,Per capita personal income (dollars) 2/,3521,3347,3378,3518,3835,4016,4276,4545,4790,5322,5911,6269,6636,7525,8827,11205,12447,12789,13018,13745,15507,17091,19424,19478,19701,20593,20331,19688,20420,22133,23213,23510,24240,25036,25713,26399,26953,28185,29255,29951,32044,33626,34756,35996,37016,39075,41157,43906,47869,47258,49652,52569,53708,52812,55867,57575,56278,57278,59783,61639,63391,67138
Arizona,1,Personal income (millions of dollars),2855.8,3109.9,3349.8,3521.6,3777.1,4003.8,4359.7,4739.3,5437.3,6327.1,7216.1,8255.6,9464.6,10934.2,12336.1,13317.8,14813.2,16646.8,19559.6,22986.6,26477.6,30247.1,32197.4,35452.6,40055.6,44570.3,48739.4,52518.4,56718.4,60862.5,63821,67174.60000000001,71692.10000000001,77041,84343.7,91989.39999999999,99707.60000000001,108023.1,118042.9,125393.5,136175.1,142423.5,147602.2,156458.3,170821.6,188762,209228.7,221244.8,224508.3,212646,216873.6,227700.1,237809.1,243752.3,257272.3,270815.5,282085.1,297904.9,315732.2,334023.9,368458.6,395110.7
Arizona,2,Population (persons) 1/,1321000,1407000,1471000,1521000,1556000,1584000,1614000,1646000,1682000,1737000,1794912,1896108,2008847,2125281,2224342,2286348,2347976,2427310,2517852,2638582,2737774,2810108,2889860,2968924,3067134,3183539,3308261,3437103,3535183,3622184,3684097,3788576,3915740,4065440,4245089,4432499,4586940,4736990,4883342,5023823,5160586,5273477,5396255,5510364,5652404,5839077,6029141,6167681,6280362,6343154,6402024,6446537,6507351,6563216,6638196,6714328,6801591,6879830,6969944,7070511,7177986,7276316
Arizona,3,Per capita personal income (dollars) 2/,2162,2210,2277,2315,2427,2528,2701,2879,3233,3643,4020,4354,4711,5145,5546,5825,6309,6858,7768,8712,9671,10764,11141,11941,13060,14000,14733,15280,16044,16803,17323,17731,18309,18950,19869,20753,21737,22804,24173,24960,26388,27008,27353,28393,30221,32327,34703,35872,35748,33524,33876,35321,36545,37139,38756,40334,41473,43301,45299,47242,51332,54301
Arkansas,1,Personal income (millions of dollars),2548,2771.6,2965.6,3142.2,3412.3,3602.1,4004.8,4254.3,4600.9,5128.5,5626.5,6263.1,7071.2,8376.1,9353.5,10292.1,11378.9,12661.8,14668.8,16088,17388.3,19702.6,20702.3,21934.8,24458.4,25982.3,27303.7,28434.8,30505.9,32721.2,34457.5,36459.1,39714.4,41648.4,44288.6,47164.7,50047.9,52508,55698.4,57999.1,61021,64255.3,65770.39999999999,69742.3,74404.8,78500.7,83572.39999999999,89170.5,92864.7,91170.8,94576.10000000001,100739.2,107877.3,108367.8,114743.3,118719.5,121825.9,125779.9,130865.2,135302.7,143147.9,154768.6
Arkansas,2,Population (persons) 1/,1789000,1806000,1853000,1875000,1897000,1894000,1899000,1901000,1902000,1913000,1930077,1972028,2018116,2058491,2100385,2158291,2168688,2207228,2241019,2269115,2288738,2293204,2294254,2305766,2319767,2327046,2331988,2342357,2342655,2346354,2356586,2383144,2415984,2456303,2494019,2535399,2572109,2601090,2626289,2651860,2678588,2691571,2705927,2724816,2749686,2781097,2821761,2848650,2874554,2896843,2921561,2938833,2948887,2954685,2961191,2970352,2980602,2990801,2997271,3004248,3012232,3025891
Arkansas,3,Per capita personal income (dollars) 2/,1424,1535,1600,1676,1799,1902,2109,2238,2419,2681,2915,3176,3504,4069,4453,4769,5247,5736,6546,7090,7597,8592,9024,9513,10543,11165,11708,12139,13022,13946,14622,15299,16438,16956,17758,18602,19458,20187,21208,21871,22781,23873,24306,25595,27059,28227,29617,31303,32306,31472,32372,34279,36582,36677,38749,39968,40873,42056,43661,45037,47522,51148
California,1,Personal income (millions of dollars),46521.1,49266.6,53085.5,56740.1,61404.6,65617.5,71356,76731.60000000001,84055.7,92160,99417.5,105987.2,116351.1,127777.3,142507.4,157639.9,174924.8,194032.9,220640.1,250173.9,284308,319557.2,342342.5,369808.8,410796.4,444066.9,476682.2,513377.1,558041.1,600755.1,643684.9,665992.6,702449.1,719731,742429.1,780642.8,829666.6,882677.3,959693.5,1030884.7,1135543.4,1173878.6,1190223.8,1243465.5,1318744.3,1394854.9,1503754.4,1572721.4,1594742.5,1540872.6,1614040.8,1715227,1827166.9,1857200.9,1980736.8,2125430.3,2218457.8,2318644.4,2431822,2544235,2763312,2997205.6
California,2,Population (persons) 1/,15870000,16497000,17072000,17668000,18151000,18585000,18858000,19176000,19394000,19711000,20023181,20345575,20584794,20867737,21172548,21536715,21934505,22350247,22838960,23255069,23800800,24285933,24820007,25360023,25844397,26441107,27102238,27777160,28464250,29218165,29959515,30470736,30974659,31274928,31484435,31696582,32018834,32486010,32987675,33499204,33987977,34479458,34871843,35253159,35574576,35827943,36021202,36250311,36604337,36961229,37322360,37650514,37970368,38291358,38636290,38966055,39223210,39424071,39535906,39547996,39499738,39237836
California,3,Per capita personal income (dollars) 2/,2931,2986,3110,3211,3383,3531,3784,4001,4334,4676,4965,5209,5652,6123,6731,7320,7975,8681,9661,10758,11945,13158,13793,14582,15895,16795,17588,18482,19605,20561,21485,21857,22678,23013,23581,24629,25912,27171,29092,30773,33410,34046,34131,35272,37070,38932,41746,43385,43567,41689,43246,45557,48121,48502,51266,54546,56560,58813,61509,64333,69958,76386
Colorado,1,Personal income (millions of dollars),4353.4,4683.9,4942.1,5174.4,5474.2,5840.6,6275.8,6763.5,7502.7,8438.799999999999,9540.200000000001,10759.7,12176.1,13923.1,15609.2,17249.7,18981.3,21174.2,24413.5,27979.3,32050.8,36882.9,40505.9,43694.2,47644.6,50483.6,52445.7,54400,57556.6,62010.1,65667.2,69601.89999999999,75599.10000000001,81812.10000000001,87983.8,95648.8,103235.8,111207.8,123090,132293.9,147242.4,154444.5,154639.6,157851.9,163872.9,175069.2,189465.5,202115.9,210029.4,199351.6,205866.1,223492.6,236759.1,249512.7,271410.2,284836.8,289673,309657.7,331955.4,350390.1,370392.1,401122.9
Colorado,2,Population (persons) 1/,1769000,1844000,1899000,1936000,1970000,1985000,2007000,2053000,2120000,2166000,2223979,2303502,2404576,2495803,2541318,2586144,2632244,2696007,2766725,2849181,2908803,2977899,3061562,3133634,3169995,3208726,3237448,3260477,3262280,3275815,3307618,3387119,3495939,3613734,3724168,3826653,3919972,4018293,4116639,4226018,4326921,4425687,4490406,4528732,4575013,4631888,4720423,4803868,4889730,4972195,5047005,5119188,5188703,5263512,5342996,5442196,5529161,5600169,5677250,5735934,5784308,5812069
Colorado,3,Per capita personal income (dollars) 2/,2461,2540,2602,2673,2779,2942,3127,3294,3539,3896,4290,4671,5064,5579,6142,6670,7211,7854,8824,9820,11019,12386,13230,13944,15030,15733,16200,16685,17643,18930,19853,20549,21625,22639,23625,24995,26336,27675,29901,31305,34029,34897,34438,34856,35819,37797,40137,42074,42953,40093,40790,43658,45630,47404,50797,52339,52390,55294,58471,61087,64034,69016
Connecticut,1,Personal income (millions of dollars),7276.1,7701.7,8227.200000000001,8691.1,9334.799999999999,10038.6,11023.5,12086.4,12828.8,14692.5,15673.8,16514.4,17804.7,19393.4,21157.2,22725.5,24536.4,27032.7,30080.9,33813.6,38493.9,43243,46701.3,49958.2,55880.7,60000,64553.3,70443.3,77668.2,84249,86889.10000000001,87815.8,94269.3,97347.60000000001,100108.3,105642.5,110746.3,117991.8,127302.1,134439,146946.4,155003,154596.4,156784.6,165149.4,174430,188872.6,203467.2,216174.5,212582.6,221058.5,226907.1,231171.1,226175.8,236756.6,243164.6,247777.4,253120.7,264263.1,270282.8,279612.4,295955.6
Connecticut,2,Population (persons) 1/,2544000,2586000,2647000,2727000,2798000,2857000,2903000,2935000,2964000,3000000,3038782,3061448,3069617,3069140,3075784,3084726,3085984,3088729,3094839,3099907,3113174,3128837,3139014,3162355,3180014,3201131,3223741,3247290,3271954,3283404,3291967,3302895,3300712,3309175,3316121,3324144,3336685,3349348,3365352,3386401,3411777,3432835,3458749,3484336,3496094,3506956,3517460,3527270,3545579,3561807,3580279,3594193,3605259,3610314,3614695,3611995,3607688,3607615,3611318,3607159,3600260,3605597
Connecticut,3,Per capita personal income (dollars) 2/,2860,2978,3108,3187,3336,3514,3797,4118,4328,4898,5158,5394,5800,6319,6879,7367,7951,8752,9720,10908,12365,13821,14878,15798,17572,18743,20024,21693,23738,25659,26394,26588,28560,29417,30188,31780,33191,35228,37827,39700,43070,45153,44697,44997,47238,49738,53696,57684,60970,59684,61743,63132,64121,62647,65498,67321,68680,70163,73176,74930,77664,82082
Delaware,1,Personal income (millions of dollars),1290.1,1331.2,1413.5,1516.7,1641.2,1805.7,1902.6,2030.6,2215.2,2441.2,2599.9,2844.1,3124.9,3462.3,3747.1,4029.2,4404,4741.1,5201.6,5716.9,6430.5,7094.1,7634.1,8131.6,8972.5,9733.799999999999,10356.8,11194.2,12256.4,13630.7,14367.1,15196.3,15854.3,16466.8,17165.3,18172,19433.9,20342.3,22497.4,24165.3,26645.3,29379.2,30359,31136.9,32379.5,33273.9,35275.3,36380.4,36145.2,36432.9,36837.8,39925,40393.3,41100.3,43031.6,45216.1,46444.8,48570.7,51310.5,52537.6,55357.4,59202
Delaware,2,Population (persons) 1/,449000,461000,469000,483000,497000,507000,516000,525000,534000,540000,550332,565207,573821,579078,583150,588756,592755,594821,598188,598830,594919,595974,599148,605459,611565,618279,627559,636946,647621,658274,669567,683080,694925,706378,717545,729734,740977,751487,763335,774990,786373,795699,806169,818003,830803,845150,859268,871749,883874,891730,899762,908169,916572,925599,935160,944596,953030,961499,971072,981297,991886,1003384
Delaware,3,Per capita personal income (dollars) 2/,2873,2888,3014,3140,3302,3561,3687,3868,4148,4521,4724,5032,5446,5979,6426,6844,7430,7971,8696,9547,10809,11903,12742,13431,14671,15743,16503,17575,18925,20707,21457,22247,22814,23312,23922,24902,26227,27069,29472,31181,33884,36922,37658,38065,38974,39370,41053,41733,40894,40856,40942,43962,44070,44404,46015,47868,48734,50516,52839,53539,55810,59002
District of Columbia,1,Personal income (millions of dollars),2390.4,2517.4,2709.2,2876.7,3054.2,3290.8,3436.4,3682,3865.3,3763.5,4174.4,4647,5043.5,5316.1,5768.7,6274.7,6648.1,7137.5,7604.4,8003,8447.4,9094.1,9694.1,10192.7,11126.3,11781.5,12399.3,13078.7,14309.8,15152.5,15818.1,16536.8,17369.3,18066.7,18484.6,18621.1,19387.3,20290.5,21547.5,22693.4,24897.7,25778.3,25876.1,26157.6,28437.6,30028.4,31846.9,34363.2,35329,35618.5,38324.4,41395,43010.6,43697.3,46780.2,50337.3,52684.5,54453.2,56572.9,57240.3,61706.1,64909.4
District of Columbia,2,Population (persons) 1/,765000,778000,788000,798000,798000,797000,791000,791000,778000,762000,755087,750641,743775,733674,720755,710308,696305,681768,670046,655616,638284,636893,634174,632433,633382,634549,638269,636930,630432,624168,605321,600870,597565,595301,589239,580517,572377,567736,565230,570213,572046,574504,573158,568502,567754,567136,570681,574404,580236,592228,604795,617794,631132,644755,654557,665633,673833,680945,685632,687408,690093,670050
District of Columbia,3,Per capita personal income (dollars) 2/,3125,3236,3438,3605,3827,4129,4344,4655,4968,4939,5528,6191,6781,7246,8004,8834,9548,10469,11349,12207,13235,14279,15286,16117,17566,18567,19426,20534,22698,24276,26132,27521,29067,30349,31370,32077,33872,35739,38122,39798,43524,44871,45147,46011,50088,52947,55805,59824,60887,60143,63368,67005,68148,67774,71469,75623,78186,79967,82512,83270,89417,96873
Florida,1,Personal income (millions of dollars),10531.6,11165.4,12055.9,12938.9,14155.4,15473.4,16975.6,18771.7,21580.6,25004.9,28276.2,31756.4,36550,42578.3,47883.1,52167.9,57012.4,63844.3,73633.3,84660.2,99826.8,115731.2,125053.4,138093.1,153887.6,168327.4,182124,197185.2,216604.8,241142.9,257571.4,268375.2,284266,301392.6,317674.9,341583.5,363906.8,385402,416327.8,436360.7,472851.8,497538.7,514203.2,540473.6,588257.4,642291.2,697349.7,727260.7,729994.1,686755.8,732457.5,771409.5,800551.7,802975.7,861412.3,919834.9,954069.7,1023131.1,1087188.6,1139799.3,1209995.9,1323436.3
Florida,2,Population (persons) 1/,5004000,5243000,5458000,5628000,5781000,5954000,6104000,6242000,6433000,6641000,6845353,7163026,7520324,7927099,8317034,8541660,8695356,8888958,9131554,9470585,9839835,10192775,10471405,10749849,11039925,11351120,11667503,11997282,12306400,12637718,13033307,13369798,13650553,13927185,14239444,14537875,14853360,15186304,15486559,15759421,16047515,16356966,16689370,17004085,17415318,17842038,18166990,18367842,18527305,18652644,18842884,19039100,19271885,19507621,19795405,20145580,20537931,20871785,21133562,21354519,21569932,21781128
Florida,3,Per capita personal income (dollars) 2/,2105,2130,2209,2299,2449,2599,2781,3007,3355,3765,4131,4433,4860,5371,5757,6107,6557,7182,8064,8939,10145,11354,11942,12846,13939,14829,15610,16436,17601,19081,19763,20073,20825,21641,22310,23496,24500,25378,26883,27689,29466,30418,30810,31785,33778,35999,38386,39594,39401,36818,38872,40517,41540,41162,43516,45659,46454,49020,51444,53375,56096,60761
Georgia,1,Personal income (millions of dollars),6917.5,7221.3,7768.2,8445.299999999999,9145.299999999999,10099.4,11143.6,12120.4,13381.4,14980.1,16310.4,18009.7,20206.1,22848.2,25067.8,27084.3,30146.6,33332.1,37819,42321.3,47192.8,53458.8,57866.8,63379.5,71862.60000000001,78685.5,85846.39999999999,92434.10000000001,100796.7,108619.3,116149.9,121895,131979,140173.3,150942,162948.3,176085.7,187547.9,205649.7,219284.1,237369.7,249320.7,256380,266411.4,280916.7,298525.8,318543.8,333611.5,336828.3,329744.6,338275.5,361250.6,371456.8,377202.2,402790.9,427437.4,444023.7,469238.3,493174.9,518278,554566.5,597100.7
Georgia,2,Population (persons) 1/,3956000,4015000,4086000,4172000,4258000,4332000,4379000,4408000,4482000,4551000,4605421,4710272,4807151,4906940,4994870,5058535,5126155,5211771,5286148,5391265,5486174,5568346,5649788,5728248,5834943,5962639,6084645,6208479,6316139,6411117,6512602,6653005,6817203,6978240,7157165,7328413,7501069,7685099,7863536,8045965,8227303,8377038,8508256,8622793,8769252,8925922,9155813,9349988,9504843,9620846,9712576,9805488,9906963,9980513,10077700,10191467,10318225,10428498,10532566,10642947,10725800,10799566
Georgia,3,Per capita personal income (dollars) 2/,1749,1799,1901,2024,2148,2331,2545,2750,2986,3292,3542,3823,4203,4656,5019,5354,5881,6396,7154,7850,8602,9600,10242,11064,12316,13196,14109,14888,15959,16942,17835,18322,19360,20087,21090,22235,23475,24404,26152,27254,28851,29762,30133,30896,32034,33445,34791,35680,35438,34274,34829,36842,37495,37794,39969,41941,43033,44996,46824,48697,51704,55289
Hawaii *,1,Personal income (millions of dollars),1615.3,1753.7,1881,2011,2187.7,2402.3,2608.3,2830.6,3183.8,3643.2,4224.9,4584.1,5047.8,5592.6,6360.7,6919,7465.9,8084,8953.9,10042.8,11483.9,12434.1,13166.2,14443.3,15472.6,16452.5,17458.1,18618.7,20477.5,22873.6,24979.1,26432.9,28434.5,29476.5,30163.7,30864,30894.9,31907.5,32514.6,33608.1,35579,37058.6,38747.1,40621.4,43654.7,47022.9,50399,53272.1,55911.1,55326,56751.1,59288.1,61557,62521.2,66036.7,69109.10000000001,71571.7,74456.7,76183.89999999999,78516.10000000001,82527.3,87053.89999999999
Hawaii *,2,Population (persons) 1/,642000,659000,684000,682000,700000,704000,710000,723000,734000,743000,762920,791580,818104,841851,858121,875052,892335,915749,928816,950050,967710,978195,993780,1012717,1027922,1039698,1051762,1067917,1079827,1094588,1113491,1136754,1158613,1172838,1187536,1196854,1203755,1211640,1215233,1210300,1213519,1225948,1239613,1251154,1273569,1292729,1309731,1315675,1332213,1346717,1365064,1384943,1405024,1423171,1434212,1446479,1457008,1458361,1460183,1457034,1451911,1441553
Hawaii *,3,Per capita personal income (dollars) 2/,2516,2661,2750,2949,3125,3412,3674,3915,4338,4903,5538,5791,6170,6643,7412,7907,8367,8828,9640,10571,11867,12711,13249,14262,15052,15824,16599,17435,18964,20897,22433,23253,24542,25133,25400,25788,25665,26334,26756,27768,29319,30229,31257,32467,34277,36375,38480,40490,41969,41082,41574,42809,43812,43931,46044,47777,49122,51055,52174,53888,56840,60389
Idaho,1,Personal income (millions of dollars),1316.1,1391.9,1487.9,1523,1574.8,1793.8,1817.3,1931.8,2065.1,2391,2647.7,2894.2,3304.3,3820.5,4497.4,4866.7,5436.2,5942.3,6829.9,7469.2,8394.9,9237.6,9699.6,10599.5,11294.3,11932.8,12177.2,12724.4,13765.7,15146.9,16352.3,17190.9,18904.8,20720.8,22179.4,23842.7,25334.9,26420.1,28531.4,30218.5,32723.6,34054.3,35161.6,36440.8,39412.2,41979.2,46227.8,49227,50388.9,48624.5,50432.6,53273.7,56177.1,58403.7,61801.4,65475.7,68009.3,72066.39999999999,76680.60000000001,81834.10000000001,89077.7,97667.7
Idaho,2,Population (persons) 1/,671000,684000,692000,683000,680000,686000,689000,688000,695000,707000,717255,738749,763229,782061,807973,831981,856979,883446,910962,932636,947983,962204,973719,981866,990841,994052,990222,984997,985661,994422,1012384,1041316,1071685,1108768,1145140,1177322,1203083,1228520,1252330,1275674,1299430,1319962,1340372,1363380,1391802,1428241,1468669,1505105,1534320,1554439,1571266,1586530,1600013,1618042,1640181,1662421,1696089,1734030,1768643,1808039,1847772,1900923
Idaho,3,Per capita personal income (dollars) 2/,1961,2035,2150,2230,2316,2615,2638,2808,2971,3382,3691,3918,4329,4885,5566,5850,6343,6726,7497,8009,8856,9600,9961,10795,11399,12004,12297,12918,13966,15232,16152,16509,17640,18688,19368,20252,21058,21506,22783,23688,25183,25799,26233,26728,28317,29392,31476,32707,32841,31281,32097,33579,35110,36095,37680,39386,40098,41560,43356,45261,48208,51379
Illinois,1,Personal income (millions of dollars),27209.6,28282.1,29885.2,31095.6,33241.2,36068.1,39098.5,41606.1,44581.8,48484.5,51524.3,55317.4,60029.9,66967.7,73216.39999999999,79866.3,86832.3,95459.7,105341.7,115569.5,125211,138877,147011.7,153020,168717.1,177209.8,186405.5,197183,212642.7,226917.2,240801.3,245871.9,265737,275362.6,290054.7,307809.3,327552.9,346339.1,367298.6,383972.5,412965.5,428339.2,433314.9,442126.4,459761.5,478865.6,510377,539737.4,553983.9,526967.6,543084.3,569775.5,595073.5,609778.6,638640,666943.7,673691,693331,728366.2,748811.6,792135.5,850196.6
Illinois,2,Population (persons) 1/,10086000,10130000,10280000,10402000,10580000,10693000,10836000,10947000,10995000,11039000,11124681,11205816,11258111,11260248,11273745,11306351,11360274,11406312,11434421,11422782,11434702,11443461,11423413,11408817,11412128,11399803,11387256,11391176,11390186,11409782,11453316,11568964,11694184,11809579,11912585,12008437,12101997,12185715,12271847,12359020,12434161,12488445,12525556,12556006,12589773,12609903,12643955,12695866,12747038,12796778,12845511,12892740,12928106,12960987,12970348,12964764,12946698,12924504,12888646,12850150,12785245,12671469
Illinois,3,Per capita personal income (dollars) 2/,2698,2792,2907,2989,3142,3373,3608,3801,4055,4392,4632,4936,5332,5947,6494,7064,7644,8369,9213,10117,10950,12136,12869,13412,14784,15545,16370,17310,18669,19888,21025,21253,22724,23317,24349,25633,27066,28422,29930,31068,33212,34299,34594,35212,36519,37975,40365,42513,43460,41180,42278,44194,46029,47047,49238,51443,52036,53645,56512,58273,61957,67095
Indiana,1,Personal income (millions of dollars),10390.3,10707.1,11464.2,12042.8,12816.9,14162.1,15287.6,16017.2,17412.5,19238.3,20028.7,21793.7,23846.5,27368.4,29274.3,31607.5,35131.6,38900.9,43398.4,47805.7,51418.7,56407,58429.3,61276.5,68009.3,71812.8,75637.2,80257.5,85926.10000000001,93580.89999999999,98748.8,101775.1,110147.9,116112.4,123384.2,129005.6,136363.5,143496.3,154708.4,160797.6,171501.5,175494.3,178021.1,182928.7,191918.7,198189,209756.2,217254.2,227486.5,221343.2,231707.2,246494,258136.4,261702.3,272244.9,282821.4,290604.4,301643.8,316782.3,329682,350759.5,382178.1
Indiana,2,Population (persons) 1/,4674000,4730000,4736000,4799000,4856000,4922000,4999000,5053000,5093000,5143000,5203700,5249921,5296129,5329122,5349886,5351080,5371552,5405075,5446403,5474909,5490721,5480440,5467918,5450396,5458322,5459214,5454103,5473023,5491733,5523679,5557798,5616388,5674547,5739019,5793526,5851459,5906013,5955267,5998880,6044969,6091866,6127760,6155967,6196638,6233007,6278616,6332669,6379599,6424806,6459325,6491352,6521259,6546242,6581101,6609839,6628556,6658366,6685900,6725753,6761742,6785644,6805985
Indiana,3,Per capita personal income (dollars) 2/,2223,2264,2421,2509,2639,2877,3058,3170,3419,3741,3849,4151,4503,5136,5472,5907,6540,7197,7968,8732,9365,10292,10686,11243,12460,13154,13868,14664,15646,16942,17768,18121,19411,20232,21297,22047,23089,24096,25790,26600,28153,28639,28918,29521,30791,31566,33123,34055,35408,34267,35695,37799,39433,39766,41188,42667,43645,45116,47100,48757,51691,56153
Iowa,1,Personal income (millions of dollars),5745.1,6083.8,6344.5,6744.2,7059.4,7818.4,8513.1,8671.5,9347.1,10374,11095,11641.6,13040.1,15654.8,16225,18133.7,19280.3,21275.3,24537.2,26298.4,27993.7,31681,32544.4,33149.5,36944.1,38216.3,39480.3,41377.4,42759.8,46555,49023.1,50144.7,53791.9,54052.6,58946.2,61328.6,66840.89999999999,69956.10000000001,73171.89999999999,75098.7,80228.5,82571.10000000001,84424,86443.8,93643.10000000001,96704.5,102746.8,110011,116756.7,113084.5,116906,125978.2,132158.9,134757.8,139531.3,144587.6,145790,149547.6,156072.2,159664.5,169181.6,181919.3
Iowa,2,Population (persons) 1/,2756000,2756000,2750000,2747000,2746000,2742000,2762000,2793000,2803000,2805000,2828534,2851828,2860506,2864031,2867941,2881425,2903770,2914308,2919008,2916803,2914018,2907985,2888190,2870547,2858615,2829684,2791969,2767006,2768393,2770590,2781018,2797613,2818401,2836972,2850746,2867373,2880000,2891119,2902872,2917634,2929067,2931997,2934234,2941999,2953635,2964454,2982644,2999212,3016734,3032870,3051447,3069937,3082570,3102253,3121583,3136111,3149432,3162621,3171441,3183831,3188669,3193079
Iowa,3,Per capita personal income (dollars) 2/,2085,2207,2307,2455,2571,2851,3082,3105,3335,3698,3923,4082,4559,5466,5657,6293,6640,7300,8406,9016,9607,10894,11268,11548,12924,13505,14141,14954,15446,16803,17628,17924,19086,19053,20677,21388,23209,24197,25207,25740,27390,28162,28772,29383,31704,32621,34448,36680,38703,37286,38312,41036,42873,43439,44699,46104,46291,47286,49212,50149,53057,56973
Kansas,1,Personal income (millions of dollars),4827.1,5039.4,5244,5364.4,5649.7,6024,6452.3,6755.7,7360.3,8194.799999999999,8892.700000000001,9654.200000000001,10763.3,12266.3,13262,14487.6,15746.2,17182.1,19014.3,21715,23869.2,27049.2,29326.8,30539.5,33517.6,35255.4,36958.6,38647.9,40703.6,43110.2,45751.2,47309.6,50940.2,53311.9,55736.3,58129.3,61934.2,65771.10000000001,69763.10000000001,72120.7,76105.10000000001,78664.7,79365.2,81890.3,84335.89999999999,89346.2,98610.2,105943.2,115852.5,111697.4,114239.8,123558.8,130948.1,133979.9,136878.7,138336.8,138533.9,142729.7,148955.7,154961,163462.2,174089.8
Kansas,2,Population (persons) 1/,2183000,2215000,2231000,2217000,2209000,2206000,2200000,2197000,2216000,2236000,2247823,2246132,2255525,2264369,2267881,2278621,2298645,2317836,2332815,2347370,2369039,2384853,2401207,2415529,2424088,2427401,2432614,2445367,2461995,2472838,2481349,2498722,2532394,2556547,2580513,2601007,2614554,2635292,2660598,2678338,2693681,2702162,2713535,2723004,2734373,2745299,2762931,2783785,2808076,2832704,2858822,2872476,2891101,2901661,2911506,2922671,2927230,2927419,2931572,2933747,2935880,2934582
Kansas,3,Per capita personal income (dollars) 2/,2211,2275,2351,2420,2558,2731,2933,3075,3321,3665,3956,4298,4772,5417,5848,6358,6850,7413,8151,9251,10075,11342,12213,12643,13827,14524,15193,15805,16533,17433,18438,18934,20115,20853,21599,22349,23688,24958,26221,26927,28253,29112,29248,30074,30843,32545,35690,38057,41257,39431,39960,43015,45294,46174,47013,47332,47326,48756,50811,52820,55677,59324
Kentucky,1,Personal income (millions of dollars),5022,5346,5677.8,5967.9,6225.5,6749.6,7379.4,7987.6,8731.4,9711.700000000001,10534.8,11466.1,12679.8,14252.5,16052.2,17479.2,19544.4,21933.9,24444,27454.7,29871.6,33237.7,35402,36755,41062,42815.5,44019,46497.3,50573.3,54363.7,57673.4,60843.2,65547.3,68128.2,71608.3,75054.39999999999,79620.5,84542.10000000001,89452.39999999999,93315.39999999999,100691.4,104126.9,106568.4,109876.6,116453.4,122305.7,129361.3,135056.8,141572.6,139861.7,145301.2,152218.7,157635.7,159224.8,166717.1,174331.2,177190.6,182476,188362,196250.5,211947.6,228619.9
Kentucky,2,Population (persons) 1/,3041000,3054000,3079000,3096000,3129000,3140000,3147000,3172000,3195000,3198000,3230587,3298262,3336106,3371573,3417039,3468755,3530443,3575001,3611382,3643655,3664221,3670395,3683449,3694469,3695459,3694816,3687805,3683330,3680002,3677318,3694048,3722328,3765469,3812206,3849088,3887427,3919535,3952747,3985390,4018053,4049021,4068132,4089875,4117170,4146101,4182742,4219239,4256672,4289878,4317074,4349138,4374212,4394010,4415821,4428679,4443606,4457599,4475723,4487233,4498141,4503958,4509394
Kentucky,3,Per capita personal income (dollars) 2/,1651,1750,1844,1928,1990,2150,2345,2518,2733,3037,3261,3476,3801,4227,4698,5039,5536,6135,6769,7535,8152,9056,9611,9949,11111,11588,11936,12624,13743,14784,15613,16345,17407,17871,18604,19307,20314,21388,22445,23224,24868,25596,26057,26687,28087,29241,30660,31728,33002,32397,33409,34799,35875,36058,37645,39232,39750,40770,41977,43629,47058,50699
Louisiana,1,Personal income (millions of dollars),5591.2,5818.6,6157.8,6563.6,7016.3,7601.8,8410.299999999999,9225.299999999999,10105.6,10765.9,11663,12715.2,13912.1,15528.5,17651.8,19875.1,22415.5,25031.4,28630.8,32478,37368.8,43084.4,46379.7,48422.5,51504.5,53629.7,53695.1,53932.1,56881.2,60326.1,64880.9,68408.3,73264,76872.7,81905.8,85953.3,89776.89999999999,94400.60000000001,99070.8,101467.7,107310.6,114917.4,118229.4,122169.8,127758.4,137935.1,145645.5,159411.3,170869.3,165876.2,173800.8,179073.4,188760.8,191497.3,200293.9,201363.5,200190.6,206203.2,215111.6,222059.7,236327.2,251709.9
Louisiana,2,Population (persons) 1/,3260000,3287000,3345000,3377000,3446000,3496000,3550000,3581000,3603000,3619000,3650209,3710666,3761967,3788840,3820720,3886963,3951636,4015582,4073288,4139316,4223101,4283297,4352609,4395311,4400474,4408113,4406922,4344151,4288859,4252896,4221532,4253279,4293003,4316428,4347481,4378779,4398877,4421071,4440344,4460811,4471885,4477875,4497267,4521042,4552238,4576628,4302665,4375581,4435586,4491648,4544800,4577075,4603574,4628228,4648811,4670563,4685605,4678606,4670052,4664558,4651203,4624047
Louisiana,3,Per capita personal income (dollars) 2/,1715,1770,1841,1944,2036,2174,2369,2576,2805,2975,3195,3427,3698,4098,4620,5113,5672,6234,7029,7846,8849,10059,10656,11017,11704,12166,12184,12415,13263,14185,15369,16084,17066,17809,18840,19630,20409,21352,22312,22746,23997,25663,26289,27022,28065,30139,33850,36432,38522,36930,38242,39124,41003,41376,43085,43113,42725,44074,46062,47606,50810,54435
Maine,1,Personal income (millions of dollars),1952.4,1977.4,2054.4,2122.2,2292.7,2474.3,2629.8,2760.7,2940,3236,3557.1,3822.7,4187.7,4706.7,5229.3,5652.3,6447,7007.6,7740.5,8589.9,9653.5,10651.6,11581,12473,13786.7,14893.3,16123.2,17490.9,19277.2,21011.3,21870.4,22249.7,23324.8,24094.9,25085.7,26179.3,27653.1,29169.5,31232.6,32657,35107.4,37058.4,38323.5,40247.6,42315.6,43421.3,45599.7,47357.3,49445.4,49403,50603.6,52789,53782.5,53742,55863.6,58331.3,59959.2,62428.7,65121.7,67855.5,73192.8,78436.60000000001
Maine,2,Population (persons) 1/,975000,995000,994000,993000,993000,997000,999000,1004000,994000,992000,996784,1015677,1034817,1046420,1060050,1073280,1089960,1105369,1115457,1124927,1126860,1133033,1136683,1144772,1155634,1162935,1170126,1184577,1203840,1219961,1231719,1237081,1238508,1242302,1242662,1243480,1249060,1254774,1259127,1266808,1277072,1285692,1295960,1306513,1313688,1318787,1323619,1327040,1330509,1329590,1327961,1330029,1330899,1332596,1336530,1335653,1340177,1344851,1350525,1357487,1362280,1372247
Maine,3,Per capita personal income (dollars) 2/,2002,1987,2067,2137,2309,2482,2632,2750,2958,3262,3569,3764,4047,4498,4933,5266,5915,6340,6939,7636,8567,9401,10188,10896,11930,12807,13779,14766,16013,17223,17756,17986,18833,19395,20187,21053,22139,23247,24805,25779,27491,28824,29572,30805,32211,32925,34451,35686,37163,37157,38106,39690,40411,40329,41797,43672,44740,46421,48220,49986,53728,57159
Maryland,1,Personal income (millions of dollars),7738.8,8233.9,8896.9,9531.6,10386.4,11316.9,12477.2,13580.2,14999.8,17235.9,19167.2,21125.8,23176.4,25560.5,27902.8,30204.1,32906.9,35675.8,39617.2,43545.5,48503.3,54043,58610.6,62787.4,69664.89999999999,75502.89999999999,81544.5,88007.60000000001,96739.7,104600.7,110894,114898.7,120637.4,125486.1,131410.4,137245.4,143742.3,151791.5,163853.9,173588.8,189023.5,199273.1,206925.3,216521.5,230980.2,243351.5,256471.5,267560.8,279622.9,277627.5,287652.4,303517.8,312175.8,311524,322438.2,337702.8,350384.4,361776.7,372196.9,381396.7,404520.7,427034.2
Maryland,2,Population (persons) 1/,3113000,3176000,3263000,3386000,3492000,3600000,3695000,3757000,3815000,3868000,3938051,4022507,4081121,4109038,4133341,4157208,4172132,4194639,4211641,4223398,4227643,4261905,4282923,4313329,4365246,4413072,4486956,4565558,4657903,4727303,4799770,4867641,4923368,4971889,5023060,5070033,5111986,5157328,5204464,5254509,5311034,5374691,5440389,5496269,5546935,5592379,5627367,5653408,5684965,5730388,5791559,5854282,5913919,5962350,6008975,6049289,6079669,6112835,6138786,6163628,6172679,6165129
Maryland,3,Per capita personal income (dollars) 2/,2486,2593,2727,2815,2974,3144,3377,3615,3932,4456,4867,5252,5679,6221,6751,7265,7887,8505,9407,10311,11473,12680,13685,14557,15959,17109,18174,19276,20769,22127,23104,23605,24503,25239,26161,27070,28119,29432,31483,33036,35591,37076,38035,39394,41641,43515,45576,47327,49186,48448,49668,51845,52787,52249,53659,55825,57632,59183,60630,61879,65534,69266
Massachusetts,1,Personal income (millions of dollars),13147.2,13813.8,14596.6,15203.4,16233.1,17319.7,18650.1,20260.5,22126.5,24041.9,25961.4,27742,29977.9,32574.1,35182.2,37801.8,40688.8,44297.9,48938.7,54481.4,61388.7,68493.39999999999,75098.5,81445.89999999999,91928.3,99341.60000000001,107146.5,116044.3,127722.9,135208.9,139232.6,141351.8,148477.6,154367.4,162175.2,171742,182580.4,194130.7,206430.6,220900.7,245502.5,255086.8,253738.7,258616.7,271926.8,284122.5,306081.9,322126,335157.2,330909.7,347492.1,363396.4,379267.8,382611.1,401832.5,428228.9,444184.1,463599.9,486203.9,506614.2,540855.3,576063.5
Massachusetts,2,Population (persons) 1/,5160000,5219000,5263000,5344000,5448000,5502000,5535000,5594000,5618000,5650000,5703706,5738589,5762122,5783809,5776992,5762138,5748868,5744097,5742923,5746188,5746075,5768685,5771222,5799405,5840774,5880734,5902677,5935205,5979983,6015478,6022639,6018470,6028709,6060569,6095241,6141445,6179756,6226058,6271838,6317345,6361104,6397634,6417206,6422565,6412281,6403290,6410084,6431559,6468967,6517613,6569537,6629863,6692712,6756583,6819480,6865334,6908516,6958374,6994054,7016618,7022220,6984723
Massachusetts,3,Per capita personal income (dollars) 2/,2548,2647,2773,2845,2980,3148,3369,3622,3938,4255,4552,4834,5203,5632,6090,6560,7078,7712,8522,9481,10684,11873,13013,14044,15739,16893,18152,19552,21358,22477,23118,23486,24628,25471,26607,27964,29545,31180,32914,34967,38594,39872,39540,40267,42407,44371,47750,50085,51810,50772,52894,54812,56669,56628,58924,62376,64295,66625,69517,72202,77021,82475
Michigan,1,Personal income (millions of dollars),18884,18957,20319.3,21691.5,23774.2,26375.2,28764.1,29991.8,33160.6,36067.9,37361.7,40644,45132,50382.9,53913.2,57745.1,64457.8,72465.60000000001,80772.89999999999,88478.7,94684.39999999999,101254.2,104816.5,111577.2,123177.2,133599.1,142047.6,147561.4,157523.2,169629.3,177393.2,181414.2,192235.1,202432.5,217745.4,230305.9,242218.5,254938.9,270129.9,283339.7,302000.6,307220.9,306502.9,314078.2,323456.7,331142.6,339338.4,349331.5,357779.8,339695,353316.3,373861.3,389544.1,393576.8,411019.8,433688.6,446030.2,458756.7,476476.8,492022.2,530808.6,558329.6
Michigan,2,Population (persons) 1/,7834000,7893000,7933000,8058000,8187000,8357000,8512000,8630000,8696000,8781000,8896558,8971835,9024681,9071764,9109374,9107840,9117481,9157247,9201953,9248814,9255553,9209287,9115196,9047764,9049454,9076287,9127774,9187484,9218002,9253298,9311319,9400446,9479065,9540114,9597737,9676211,9758645,9809051,9847942,9897116,9952450,9991120,10015710,10041152,10055315,10051137,10036081,10001284,9946889,9901591,9880076,9895488,9920751,9947308,9974630,9987137,10016980,10049868,10070610,10078236,10067664,10050811
Michigan,3,Per capita personal income (dollars) 2/,2411,2402,2561,2692,2904,3156,3379,3475,3813,4107,4200,4530,5001,5554,5918,6340,7070,7913,8778,9566,10230,10995,11499,12332,13612,14720,15562,16061,17089,18332,19051,19298,20280,21219,22687,23801,24821,25990,27430,28629,30344,30749,30602,31279,32168,32946,33812,34929,35969,34307,35760,37781,39266,39566,41207,43425,44527,45648,47314,48820,52724,55551
Minnesota,1,Personal income (millions of dollars),7471.7,7853.4,8277.700000000001,8779.4,9131.5,10087.6,10933.5,11750.3,12934,14388,15708.8,16766,18229.3,21370.2,23011.8,24891.1,26907.1,30292.7,33988.9,37795.4,42002.1,46547.6,49867.5,52578.4,59667.4,63360.9,67018.2,71480.2,75424.89999999999,82388.10000000001,87514,90246.2,97018.5,99989.89999999999,107155.2,113337.5,122210.8,129027.6,140368.6,147680.9,160089,166871.9,170419,178356.2,189320.9,194876.8,204823.7,216907.2,226467.1,216945.7,226957.1,242593.2,257164.2,259781.8,273488,286422.9,292234.9,304470,319619.1,329523.9,350784.7,373754.1
Minnesota,2,Population (persons) 1/,3425000,3470000,3513000,3531000,3558000,3592000,3617000,3659000,3703000,3758000,3815249,3851901,3866878,3885164,3898450,3925793,3956602,3979844,4004676,4038150,4085017,4111733,4131450,4141458,4157704,4184301,4205213,4235136,4296163,4338056,4389857,4440859,4495572,4555954,4610355,4660180,4712827,4763390,4813412,4873481,4933692,4982796,5018935,5053572,5087713,5119598,5163555,5207203,5247018,5281203,5312113,5352572,5388297,5430428,5473353,5509714,5556226,5605384,5650149,5686733,5707165,5707390
Minnesota,3,Per capita personal income (dollars) 2/,2182,2263,2356,2486,2566,2808,3023,3211,3493,3829,4117,4353,4714,5500,5903,6340,6801,7612,8487,9360,10282,11321,12070,12696,14351,15143,15937,16878,17556,18992,19935,20322,21581,21947,23242,24320,25932,27087,29162,30303,32448,33490,33955,35293,37211,38065,39667,41655,43161,41079,42724,45323,47726,47838,49967,51985,52596,54317,56568,57946,61464,65486
Mississippi,1,Personal income (millions of dollars),2763.8,2996.9,3132.5,3442.4,3563.3,3868.6,4217.4,4563.4,4993.3,5540.7,6077,6737.1,7677.4,8779,9648.1,10462.8,11877.6,13222.2,14721.6,16636.6,18097.5,20331.6,21465.4,22451.6,24527.7,25818.8,26781.3,28323.9,30302.6,32735.8,34442.5,36287.6,39062.7,41597,45005.3,47613.3,50525.5,53377.5,56584.7,58573.1,61755.4,65175.9,66375,69022.3,73109.89999999999,77981.60000000001,81284.39999999999,86544.39999999999,90748.39999999999,89226.60000000001,92933.2,96918,100377.2,102317.4,104255.5,106064,107499.5,110107.2,112818.1,116335.8,124988.2,134040.5
Mississippi,2,Population (persons) 1/,2182000,2206000,2243000,2244000,2241000,2246000,2245000,2228000,2219000,2220000,2221128,2265529,2307291,2349802,2378603,2399924,2430324,2459810,2488033,2507967,2525342,2539032,2556776,2567719,2578053,2588103,2593596,2588545,2580349,2574272,2578897,2598733,2623734,2655100,2688992,2722659,2748085,2777004,2804834,2828408,2848353,2852994,2858681,2868312,2889010,2905943,2904978,2928350,2947806,2958774,2970366,2977897,2982342,2986574,2987621,2984959,2984317,2983393,2974618,2968981,2956870,2949965
Mississippi,3,Per capita personal income (dollars) 2/,1267,1359,1397,1534,1590,1722,1879,2048,2250,2496,2736,2974,3327,3736,4056,4360,4887,5375,5917,6633,7166,8008,8395,8744,9514,9976,10326,10942,11744,12717,13356,13964,14888,15667,16737,17488,18386,19221,20174,20709,21681,22845,23219,24064,25306,26835,27981,29554,30785,30157,31287,32546,33657,34259,34896,35533,36021,36907,37927,39184,42270,45438
Missouri,1,Personal income (millions of dollars),9629.700000000001,9955.299999999999,10488.7,11002.3,11619.6,12634.8,13535.8,14407.4,15949.9,16912.5,18479.5,19938.9,21682.2,24089.7,25774.7,28212.7,30912,34252.4,38129.7,42513.8,46120.2,51516.6,55083.5,58757.9,65189.3,69744,73416.89999999999,77345.89999999999,82131.5,88040,91909,95964.10000000001,102138.9,106821.1,113391.1,119590.2,126668.3,134328.1,141027.1,146510.9,156675.8,161842,165526,171766.6,181111.9,187996.2,199347.8,209021.4,221033.5,216893.6,222564,231646.3,242981.4,245200,254317.5,263271.4,270603.5,277413.9,289454,300546,318019.1,340232.4
Missouri,2,Population (persons) 1/,4326000,4349000,4357000,4392000,4442000,4467000,4523000,4539000,4568000,4640000,4684768,4722703,4753234,4774601,4785391,4795383,4823554,4845042,4871171,4889327,4921966,4932069,4929456,4943735,4975276,5000260,5023055,5056702,5081737,5095844,5128880,5170800,5217101,5271175,5324497,5378247,5431553,5481193,5521765,5561948,5607285,5641142,5674825,5709403,5747741,5790300,5842704,5887612,5923916,5961088,5996166,6011569,6026727,6044003,6060459,6077057,6093349,6113669,6128594,6143406,6154481,6168187
Missouri,3,Per capita personal income (dollars) 2/,2226,2289,2407,2505,2616,2828,2993,3174,3492,3645,3945,4222,4562,5045,5386,5883,6409,7070,7828,8695,9370,10445,11174,11885,13103,13948,14616,15296,16162,17277,17920,18559,19578,20265,21296,22236,23321,24507,25540,26342,27941,28690,29168,30085,31510,32467,34119,35502,37312,36385,37118,38533,40317,40569,41963,43322,44410,45376,47230,48922,51673,55159
Montana,1,Personal income (millions of dollars),1451.3,1454.6,1701.3,1691.6,1727.5,1856.3,1989.5,2029.1,2128.3,2350.5,2604.2,2787.3,3230.3,3745.2,4069.9,4478.7,4806.5,5197.9,6090.5,6548.7,7211.1,8194.299999999999,8635.6,9076.9,9602.799999999999,9738.4,10125.6,10398,10687.9,11775.6,12378,13196.3,14014,15163.4,15585.3,16415.9,17203.3,17939.1,19152.3,19560.5,20860.4,21763.7,22384.6,24025.3,26161.9,28272.7,30670.2,32976.1,34947.6,34133.5,36060.4,38487.9,40919.7,41322.5,43555.8,45453.5,46074.1,48774.5,50989.5,53612.6,57660.2,62581.6
Montana,2,Population (persons) 1/,679000,696000,698000,703000,706000,706000,707000,701000,700000,694000,697172,711037,719138,727389,737203,749208,758521,771354,784043,789167,788752,795325,803984,814029,820904,822320,813738,805064,800200,799634,800204,809680,825770,844761,861306,876553,886254,889865,892431,897507,903773,906961,911667,919630,930009,940102,952692,964706,976415,983982,990863,998188,1005385,1015933,1024998,1034413,1045648,1057982,1066542,1075462,1086193,1104271
Montana,3,Per capita personal income (dollars) 2/,2137,2090,2437,2406,2447,2629,2814,2895,3040,3387,3735,3920,4492,5149,5521,5978,6337,6739,7768,8298,9142,10303,10741,11151,11698,11843,12443,12916,13356,14726,15469,16298,16971,17950,18095,18728,19411,20159,21461,21794,23081,23996,24554,26125,28131,30074,32193,34183,35792,34689,36393,38558,40701,40674,42494,43941,44063,46101,47808,49851,53085,56672
Nebraska,1,Personal income (millions of dollars),3140.3,3214.3,3493.5,3591,3691.4,4060.9,4360.3,4512.7,4815.3,5379.3,5798.4,6368.8,7052.5,8225.700000000001,8565.1,9766.4,10217.4,11073.1,12810.9,13834.2,14758.2,17140.5,18420.7,19046.7,21214.7,22348.4,22999.5,24065.8,25727.2,27305.5,29240.3,30304.9,32208.4,33288.5,35431.2,37436.4,40790.1,42017.5,44804.8,46958.3,49767.7,52068.7,52884.6,56241.3,58826.4,61063.5,63850.6,68718,72815.5,71664.2,75489.60000000001,84211.60000000001,86754.2,87398.7,92524,96282.10000000001,94838,97112,101204.2,104430.2,111545,121934.7
Nebraska,2,Population (persons) 1/,1417000,1446000,1464000,1476000,1482000,1471000,1456000,1457000,1467000,1474000,1487963,1504208,1518293,1528517,1537809,1541440,1548901,1554466,1560826,1564356,1572296,1578517,1581776,1584293,1588638,1584661,1574328,1566544,1571477,1574858,1581660,1595919,1611687,1625590,1639041,1656992,1673740,1686418,1695816,1704764,1713820,1719836,1728292,1738643,1749370,1761497,1772693,1783440,1796378,1812683,1830158,1843774,1858886,1873369,1889916,1904449,1921360,1934360,1945367,1954927,1961455,1963692
Nebraska,3,Per capita personal income (dollars) 2/,2216,2223,2386,2433,2491,2761,2995,3097,3282,3649,3897,4234,4645,5382,5570,6336,6597,7123,8208,8843,9386,10859,11646,12022,13354,14103,14609,15362,16371,17338,18487,18989,19984,20478,21617,22593,24371,24915,26421,27545,29039,30275,30599,32348,33627,34666,36019,38531,40535,39535,41248,45674,46670,46653,48957,50556,49360,50204,52023,53419,56869,62095
Nevada,1,Personal income (millions of dollars),896.1,993.1,1185.8,1330,1443.1,1545,1630.4,1731.8,2013.6,2278.6,2560.4,2860.4,3196.8,3630.1,4025.2,4544,5170.5,5977.9,7225.7,8374.6,9682.799999999999,11011.8,11762.1,12530,13652.1,14799.4,15988.5,17473.7,19842.9,22352.5,25043.3,27515.3,30479.3,32966,36485.5,40138.3,44435.1,48572.7,54324.4,58824.9,64571.6,68116.60000000001,69843.2,74483.39999999999,82663.2,92687.39999999999,100318.1,104595.5,103056.2,97267.10000000001,101307,105105.4,109347.4,109870.5,117372.2,127117,132058.4,140516.7,149789.2,158923.9,168587.3,183083.4
Nevada,2,Population (persons) 1/,291000,315000,352000,397000,426000,444000,446000,449000,464000,480000,493223,519989,546736,568910,596713,619847,646823,678134,719345,765121,810215,847656,881538,901978,924921,951032,980614,1023374,1075023,1137382,1220695,1296171,1351367,1411215,1499298,1581578,1666320,1764104,1853191,1934718,2018741,2098399,2173791,2248850,2346222,2432143,2522658,2601072,2653630,2684665,2701967,2710520,2739941,2770049,2809771,2857017,2905604,2955631,3011627,3068943,3114071,3143991
Nevada,3,Per capita personal income (dollars) 2/,3079,3153,3369,3350,3388,3480,3656,3857,4340,4747,5191,5501,5847,6381,6746,7331,7994,8815,10045,10945,11951,12991,13343,13892,14760,15561,16305,17075,18458,19653,20516,21228,22554,23360,24335,25379,26667,27534,29314,30405,31986,32461,32130,33121,35232,38109,39767,40212,38836,36231,37494,38777,39909,39664,41773,44493,45450,47542,49737,51785,54137,58233
New Hampshire,1,Personal income (millions of dollars),1382.9,1456.1,1556.9,1624.7,1746.9,1883.8,2064,2254.8,2491,2781.3,2965.7,3220.1,3562,4013.3,4417.2,4802.3,5436,6146.4,7090.7,8111.9,9278.200000000001,10517,11579.7,12713.2,14376.3,15842.4,17508.8,19362.1,21322.2,22846.7,23006.5,23792.3,24968.2,25786.7,27522.3,29202.8,30941.5,33274,36563,38924.2,43810.9,46136.8,46923.2,47829.3,50874.3,52744,56460.3,58663.4,60381.4,59358,62032.3,64945.3,67855.3,67703.7,70501.2,73474.60000000001,76092.3,79390.60000000001,83161.10000000001,86797.5,91673.10000000001,100011.5
New Hampshire,2,Population (persons) 1/,609000,618000,632000,649000,663000,676000,681000,697000,709000,724000,741932,762173,781699,801824,817073,830025,847025,871860,893974,911893,924250,936621,947720,958134,976863,996753,1025054,1054289,1082576,1104523,1112384,1109929,1117784,1129458,1142560,1157561,1174719,1189425,1205940,1222014,1239882,1255517,1269089,1279840,1290121,1298492,1308389,1312540,1315906,1316102,1317094,1321886,1327287,1331050,1339224,1343633,1351059,1358984,1364875,1371834,1377848,1388992
New Hampshire,3,Per capita personal income (dollars) 2/,2271,2356,2464,2503,2635,2787,3031,3235,3513,3842,3997,4225,4557,5005,5406,5786,6418,7050,7932,8896,10039,11229,12219,13269,14717,15894,17081,18365,19696,20685,20682,21436,22337,22831,24088,25228,26339,27975,30319,31852,35335,36747,36974,37371,39434,40619,43153,44695,45886,45101,47098,49131,51123,50865,52643,54684,56321,58419,60929,63271,66534,72003
New Jersey,1,Personal income (millions of dollars),16552.9,17395.7,18718.6,19646.8,21063.7,22629.1,24502.9,26394,28967,32504.2,35294.5,38078.1,41394.9,45063.2,48945.2,52877.7,57408.9,62802.1,69699.10000000001,77362.8,87046.7,97264.60000000001,105090.4,113438.5,125567.2,134573.7,144070.4,155341.3,170597.7,183043,192163.5,195933.4,210510.2,217596,225284.5,239164.9,253062.3,269605.9,287264.7,300654,330613.6,341787.7,346163.5,354361.8,370214.8,384731.4,413114.6,438001.1,451052.1,436504,449927.1,470008.1,487527.7,492488.2,515515.1,537105.9,552051.4,572482.4,597005,619065.8,652498.9,693223.2
New Jersey,2,Population (persons) 1/,6103000,6265000,6376000,6531000,6660000,6767000,6851000,6928000,7005000,7095000,7190282,7281935,7336538,7335240,7335227,7341417,7344079,7342027,7356414,7373048,7376330,7407471,7430970,7467784,7515474,7565530,7622161,7670741,7712333,7726086,7762963,7814676,7880508,7948915,8014306,8083242,8149596,8218808,8287418,8359592,8430621,8492671,8552643,8601402,8634561,8651974,8661679,8677885,8711090,8755602,8809058,8876959,8933292,8984801,9033845,9076577,9119862,9174898,9218858,9258804,9279743,9267130
New Jersey,3,Per capita personal income (dollars) 2/,2712,2777,2936,3008,3163,3344,3577,3810,4135,4581,4909,5229,5642,6143,6673,7203,7817,8554,9475,10493,11801,13131,14142,15190,16708,17788,18902,20251,22120,23692,24754,25072,26713,27374,28110,29588,31052,32804,34663,35965,39216,40245,40474,41198,42876,44467,47695,50473,51779,49854,51076,52947,54574,54813,57065,59175,60533,62397,64759,66862,70314,74805
New Mexico,1,Personal income (millions of dollars),1911.5,2000.3,2079,2150.3,2273.3,2412.1,2534.7,2620,2836.9,3143.7,3499.8,3872.4,4353.3,4881.8,5487.3,6267.9,6987.4,7819.8,8947.799999999999,10088.4,11323,12799.9,14023.1,15086.1,16471.1,17823.5,18525,19308.7,20401.9,21855.4,23301.3,24937.1,26802.8,28827.1,30772.3,33070.6,34741.3,36520,38344.2,39031.3,42073.6,45061.9,46855.5,48999.1,52162.9,55762,60035.5,63582.9,67656.8,67034.10000000001,69607.2,72967.7,74725.39999999999,73561.8,77975.10000000001,79864.3,81414.10000000001,82859.89999999999,86531.89999999999,90539.2,97603.5,104355.7
New Mexico,2,Population (persons) 1/,954000,965000,979000,989000,1006000,1012000,1007000,1000000,994000,1011000,1023206,1053258,1077815,1104225,1129568,1162682,1195162,1225245,1251848,1280539,1309400,1332747,1363822,1394362,1416719,1438360,1462728,1478519,1490336,1503901,1521574,1555305,1595442,1636453,1682398,1720394,1752326,1774839,1793484,1808082,1821204,1831690,1855309,1877574,1903808,1932274,1962137,1990070,2010662,2036802,2064892,2082110,2090254,2096509,2095037,2096003,2099630,2101053,2103101,2110146,2117566,2115877
New Mexico,3,Per capita personal income (dollars) 2/,2004,2073,2124,2174,2260,2383,2517,2620,2854,3109,3420,3677,4039,4421,4858,5391,5846,6382,7148,7878,8647,9604,10282,10819,11626,12392,12665,13059,13689,14532,15314,16034,16800,17616,18291,19223,19826,20576,21380,21587,23102,24601,25255,26097,27399,28858,30597,31950,33649,32911,33710,35045,35749,35088,37219,38103,38775,39437,41145,42907,46092,49320
New York,1,Personal income (millions of dollars),47939.4,50098.4,52853.4,55173.7,58939.4,62624.5,67240.3,72537.89999999999,80061.8,83626.3,89895.39999999999,96121,102833.6,109571.7,118064.6,127413.9,134980.8,145640.4,158583.7,173361.9,193258.5,215680.6,234418,252683.2,279483.6,299163.5,319479.4,340642.8,373665.4,403910,432317.8,432542.6,457271.4,470053.9,484730.6,510818.3,537881.6,567955.8,600946.9,637109.2,685783.3,711466.3,709785,720548.9,754007.4,782224.9,843047.5,907402.6,925727.6,907953.4,947076.6,997755.8,1049158.2,1062135.4,1105907.8,1154722.9,1194534.6,1272903,1316439.9,1361472.7,1440049.5,1515756.9
New York,2,Population (persons) 1/,16838000,17061000,17301000,17461000,17589000,17734000,17843000,17935000,18051000,18105000,18271605,18364865,18351767,18194767,18072768,18032254,17974654,17851507,17720421,17633646,17566754,17567731,17589737,17686907,17745676,17791678,17833421,17868844,17941309,17983084,18020784,18122510,18246653,18374954,18459470,18524104,18588460,18656546,18755906,18882725,19001780,19082838,19137800,19175939,19171567,19132610,19104631,19132335,19212436,19307066,19419964,19600908,19757479,19892169,20002008,20088855,20150838,20190489,20222664,20222325,20154933,19835913
New York,3,Per capita personal income (dollars) 2/,2847,2936,3055,3160,3351,3531,3768,4044,4435,4619,4920,5234,5603,6022,6533,7066,7510,8158,8949,9831,11001,12277,13327,14286,15749,16815,17915,19064,20827,22461,23990,23868,25061,25581,26259,27576,28936,30443,32040,33740,36090,37283,37088,37576,39329,40884,44128,47428,48184,47027,48768,50904,53102,53395,55290,57481,59280,63045,65097,67325,71449,76415
North Carolina,1,Personal income (millions of dollars),7617.6,8064.4,8661.200000000001,9109.700000000001,9868.299999999999,10671.1,11855.1,12817.2,14135.7,15858.1,17320.4,18856.8,21319,24174.5,26653.9,28942.8,32132.3,35208.1,39736.2,43908.3,49247,55496.7,59420.1,64644.5,73126.2,79020.2,85194.5,91884.5,100589.5,109693.1,116522.5,121893.3,132674.9,141458.3,150582.6,161486.7,172816.7,185687.9,198667.1,208586.3,222325.8,228555.9,231900.3,241851.1,262024.3,281572.1,306618.1,330170.3,352222.3,339555.6,343348.3,355826.6,380160.6,376392.4,398099.5,419334.3,432626.2,453097.7,475483.3,500496.9,533269.3,580767.3
North Carolina,2,Population (persons) 1/,4573000,4663000,4707000,4742000,4802000,4863000,4896000,4952000,5004000,5031000,5099150,5200760,5296085,5382441,5461112,5535097,5593463,5668494,5740286,5801563,5898980,5956653,6019108,6077059,6164004,6253957,6321576,6403693,6480591,6565462,6664016,6784280,6897214,7042818,7187398,7344674,7500670,7656825,7809121,7949361,8081614,8210122,8326201,8422501,8553152,8705407,8917270,9118037,9309449,9449566,9571353,9642580,9722105,9803434,9880220,9966060,10076064,10175266,10275806,10370550,10457177,10551162
North Carolina,3,Per capita personal income (dollars) 2/,1666,1729,1840,1921,2055,2194,2421,2588,2825,3152,3397,3626,4025,4491,4881,5229,5745,6211,6922,7568,8348,9317,9872,10637,11863,12635,13477,14349,15522,16708,17485,17967,19236,20085,20951,21987,23040,24251,25440,26239,27510,27838,27852,28715,30635,32345,34385,36211,37835,35933,35872,36902,39103,38394,40293,42076,42936,44529,46272,48261,50996,55043
North Dakota,1,Personal income (millions of dollars),1210.3,1109.2,1554.9,1448.2,1440.7,1677.2,1697.1,1699.1,1778.3,1990.6,2102.4,2424.2,2887.4,4036.8,3998.2,4181.5,4101.9,4261.1,5357.9,5507.4,5269.9,6899.4,7453.2,7831.1,8458.299999999999,8740.9,8869.9,9133.1,8466.6,9482.700000000001,10256.6,10388.1,11391.7,11547.5,12547.6,12570.6,14065.7,13771.1,15077.6,15272.3,16623.2,16961.2,17369.5,18958.8,19410.3,20653.4,21662.9,23964.5,27009.4,26739.8,29880.8,33666,39796.2,39933.5,42819.6,41178.9,39765.8,40215.8,42821.9,44420.2,47089.3,50793.1
North Dakota,2,Population (persons) 1/,634000,641000,637000,644000,649000,649000,647000,626000,621000,621000,618851,626659,630937,632411,634212,638469,645293,649168,650648,652152,654380,659504,668972,676687,680499,676979,669513,661141,655330,646351,637685,635753,638223,641216,644804,647832,650382,649716,647532,644259,642023,639062,638168,638817,644705,646089,649422,652822,657569,664968,675054,687065,705071,727382,744395,762693,764650,766673,771407,776516,778962,774948
North Dakota,3,Per capita personal income (dollars) 2/,1909,1730,2441,2249,2220,2584,2623,2714,2864,3205,3397,3868,4576,6383,6304,6549,6357,6564,8235,8445,8053,10462,11141,11573,12429,12912,13248,13814,12920,14671,16084,16340,17849,18009,19460,19404,21627,21196,23285,23705,25892,26541,27218,29678,30107,31967,33357,36709,41075,40212,44264,49000,56443,54900,57523,53991,52005,52455,55511,57205,60451,65544
Ohio,1,Personal income (millions of dollars),23455.4,23909.9,25206.8,26265.4,28027.9,30301.8,33056.9,34629.9,38206.8,41801,44141.9,46980.4,50967.9,56552.4,61925.2,66162.2,72597.5,80397.2,88854.7,98136,107184.5,116652.4,122081.5,129132.5,142661.1,151425.6,158493,166090.3,178267.5,191708.3,202979.6,207676.9,221201.4,230366.4,243306.8,255101.1,267147.2,282809,299095.8,308329.3,324977.5,333912.2,338738.3,348858.5,362572.6,373789.4,392816.9,409745.8,424081.9,412219,425361.8,453595.4,471703.9,479088.7,498894.6,518826.8,529069.6,548272.7,569766.1,587177.3,627231.3,665374.4
Ohio,2,Population (persons) 1/,9734000,9854000,9929000,9986000,10080000,10201000,10330000,10414000,10516000,10563000,10668839,10734782,10746920,10767205,10765613,10770498,10752731,10771232,10795431,10798562,10800650,10788336,10757085,10737631,10737743,10734926,10730272,10760081,10798554,10829216,10864162,10945762,11029431,11101140,11152454,11202751,11242827,11277357,11311536,11335454,11363543,11387404,11407889,11434788,11452251,11463320,11481213,11500468,11515391,11528896,11541886,11557958,11573024,11611630,11648446,11674128,11701886,11737605,11762842,11788547,11790587,11780017
Ohio,3,Per capita personal income (dollars) 2/,2410,2426,2539,2630,2781,2970,3200,3325,3633,3957,4137,4376,4743,5252,5752,6143,6752,7464,8231,9088,9924,10813,11349,12026,13286,14106,14771,15436,16508,17703,18683,18973,20056,20752,21816,22771,23762,25078,26442,27200,28598,29323,29693,30509,31660,32607,34214,35629,36827,35755,36854,39245,40759,41259,42829,44442,45212,46711,48438,49809,53198,56483
Oklahoma,1,Personal income (millions of dollars),4611.8,4774.2,4985.2,5151.2,5519,5913.4,6343,6929.4,7589.4,8454.799999999999,9325.6,10163.6,11153.4,12652.9,14079.6,15735.7,17348.7,19295.9,21896,25414.8,29278.8,34204.1,38175.8,39077.2,41927,43605.5,43881.5,43753.6,45620.3,48521.2,51121.3,52677.5,56033.9,58247,60818,63426.7,67223,71074.7,74933.7,77034.2,83519.2,88786.3,90797.89999999999,95327.60000000001,103161.6,113042.8,125269.2,129786.5,144283.1,133523.6,140140.3,150709.9,161128.4,169382.6,180469,175134,166547.7,174240.3,182574.3,191366.8,198552.1,211912.9
Oklahoma,2,Population (persons) 1/,2336000,2380000,2427000,2439000,2446000,2440000,2454000,2489000,2503000,2535000,2566485,2617944,2657448,2694182,2732454,2771858,2823396,2865935,2913056,2970080,3040758,3096159,3206129,3290404,3285535,3271333,3252735,3210124,3167064,3150304,3148825,3175440,3220517,3252285,3280940,3308208,3340129,3372917,3405194,3437147,3454365,3467100,3489080,3504892,3525233,3548597,3594090,3634349,3668976,3717572,3759581,3786640,3815353,3848112,3871583,3901051,3916821,3920455,3928494,3943796,3962031,3986639
Oklahoma,3,Per capita personal income (dollars) 2/,1974,2006,2054,2112,2256,2424,2585,2784,3032,3335,3634,3882,4197,4696,5153,5677,6145,6733,7517,8557,9629,11047,11907,11876,12761,13330,13491,13630,14405,15402,16235,16589,17399,17910,18537,19173,20126,21072,22006,22412,24178,25608,26023,27198,29264,31856,34854,35711,39325,35917,37276,39800,42232,44017,46614,44894,42521,44444,46474,48524,50114,53156
Oregon,1,Personal income (millions of dollars),4191.8,4350.8,4621.5,4866.7,5236.3,5680.9,6118.4,6487.2,7062.6,7832.2,8537.1,9382.799999999999,10511.4,11845.4,13431.8,14919.7,16821.7,18812.4,21563.4,24392.3,27030.4,29169.6,30006.2,31906.1,34585,36320.8,38221.7,40194.5,43775.8,48095.1,51940.7,54674.3,58477,62590.8,67029.8,72165.89999999999,77845,82657.39999999999,87241,90337,97354.7,99975.89999999999,101008.6,104740.8,110638.8,116691.6,127440.2,133555.6,139412.2,134493.3,138291.6,145596.1,153548,156130,167077.3,179600.2,188283.3,198995.7,211414.6,221186.4,238847.1,257641.2
Oregon,2,Population (persons) 1/,1772000,1787000,1818000,1853000,1888000,1937000,1969000,1979000,2004000,2062000,2100388,2149890,2195219,2238878,2280956,2324622,2372155,2439355,2509609,2578312,2641218,2667985,2664919,2653071,2666589,2672648,2683526,2700996,2741297,2790579,2860375,2928507,2991755,3060367,3121264,3184369,3247111,3304310,3352449,3393941,3429708,3467937,3513424,3547376,3569463,3613202,3670883,3722417,3768748,3808600,3837611,3872655,3900071,3924064,3965387,4018466,4093179,4147186,4183414,4215976,4241544,4246155
Oregon,3,Per capita personal income (dollars) 2/,2366,2435,2542,2626,2773,2933,3107,3278,3524,3798,4065,4364,4788,5291,5889,6418,7091,7712,8592,9461,10234,10933,11260,12026,12970,13590,14243,14881,15969,17235,18159,18670,19546,20452,21475,22663,23974,25015,26023,26617,28386,28829,28749,29526,30996,32296,34716,35879,36992,35313,36036,37596,39371,39788,42134,44694,45999,47983,50536,52464,56311,60676
Pennsylvania,1,Personal income (millions of dollars),26118.7,26685.5,27845.4,28908.3,30915.2,33158.5,35757.2,38299.2,41637.9,45346.1,48843.7,51835.5,56579.8,62032.9,68133.2,74472.7,81283.2,89174.10000000001,98272,108706.1,119088.4,131482.1,140474.1,147180.8,158975.3,168415.8,177108.1,187611.1,203157.6,220029.7,232898.7,242566.3,256051.9,265789.4,275144.9,287676.4,302375.6,317520.1,334742.5,349385.3,373971.6,389069.8,396229.2,410471.3,434175.9,453298.2,476775.1,506789.7,526290.3,513386.3,537282.2,564695.4,587666,593682.1,619079.4,643988.1,661160.1,679620.2,716336.5,737160.9,788725.2,830397.4
Pennsylvania,2,Population (persons) 1/,11329000,11392000,11355000,11424000,11519000,11620000,11664000,11681000,11741000,11741000,11811561,11884354,11904541,11885202,11863936,11897778,11887478,11881857,11864774,11873563,11868305,11858569,11845146,11837726,11815175,11770865,11782754,11810869,11845755,11865992,11903299,11982164,12049450,12119724,12166050,12198403,12220464,12227814,12245672,12263805,12284173,12298970,12331031,12374658,12410722,12449990,12510809,12563937,12612285,12666858,12716521,12772774,12815609,12846775,12880463,12898688,12918191,12945337,12980864,12991448,12989625,12964056
Pennsylvania,3,Per capita personal income (dollars) 2/,2305,2342,2452,2530,2684,2854,3066,3279,3546,3862,4135,4362,4753,5219,5743,6259,6838,7505,8283,9155,10034,11088,11859,12433,13455,14308,15031,15885,17150,18543,19566,20244,21250,21930,22616,23583,24743,25967,27336,28489,30443,31634,32133,33170,34984,36410,38109,40337,41728,40530,42251,44211,45855,46213,48063,49927,51181,52499,55184,56742,60720,64054
Rhode Island,1,Personal income (millions of dollars),2015.7,2107.9,2266.9,2368.1,2521.8,2722.8,2973.2,3223.2,3522.1,3741.8,4093,4336.6,4722,5044.6,5288.9,5742.4,6272.4,6864.9,7531.2,8363.200000000001,9390.6,10463.8,11271,12185.4,13381.3,14413.8,15452.7,16547.2,18239.3,19852.5,20438.1,20636.1,21597.1,22514.8,23091,24324.3,25172.1,26633.8,28410,29647.4,31946.5,33633.3,34972.6,36747.8,38606.4,39495.5,41490.7,43237.9,43928.6,42788.7,45116.2,46793.7,48501.7,48544.7,50646.2,52447.6,53229.7,55301,57371.8,59908.9,64299.9,67864.60000000001
Rhode Island,2,Population (persons) 1/,855000,858000,871000,876000,885000,893000,899000,909000,922000,932000,950561,963974,976365,978010,953503,946339,950321,955128,957237,956643,948773,953012,954170,956382,961895,968956,977340,989605,996407,1000666,1005995,1010649,1012581,1015112,1015960,1017002,1020893,1025353,1031155,1040402,1050268,1057142,1065995,1071342,1074579,1067916,1063096,1057315,1055003,1053646,1054954,1058647,1063602,1068168,1073041,1077348,1082251,1084914,1091751,1094524,1096229,1095610
Rhode Island,3,Per capita personal income (dollars) 2/,2358,2457,2603,2703,2849,3049,3307,3546,3820,4015,4306,4499,4836,5158,5547,6068,6600,7187,7868,8742,9898,10980,11812,12741,13911,14876,15811,16721,18305,19839,20316,20419,21329,22180,22728,23918,24657,25975,27552,28496,30417,31815,32807,34301,35927,36984,39028,40894,41638,40610,42766,44201,45601,45447,47199,48682,49184,50973,52550,54735,58656,61942
South Carolina,1,Personal income (millions of dollars),3570.1,3748.4,4018.4,4252,4567.3,5047.7,5672,6120.6,6796.3,7604.4,8380.4,9180.9,10308.9,11692.3,13234.6,14394.3,16096.3,17592.5,19879.1,22283.5,24966.9,28120.4,29894.4,32447.3,36183.2,38709.7,41372.2,44371.6,48237.2,52509.2,56399.8,58892.8,62693.5,65908,69909.2,74092.10000000001,78791.89999999999,83865.3,89931.89999999999,94453.8,101138.9,104620.9,107551.6,111359.6,117847.3,125049.5,135022.4,143997.2,150518,146919.5,152230.5,160767.4,169185.2,171617.2,182832.6,194364.1,202215.4,212626.3,222564.7,234443.7,250573.6,270299.2
South Carolina,2,Population (persons) 1/,2392000,2409000,2423000,2460000,2475000,2494000,2520000,2533000,2559000,2570000,2598210,2661836,2718404,2775442,2843199,2900158,2941407,2988979,3041068,3086885,3134502,3179255,3207611,3234068,3271864,3303211,3342759,3380507,3412097,3456777,3501155,3570404,3620464,3663314,3705397,3748582,3796200,3859696,3919235,3974682,4024223,4064995,4107795,4150297,4210921,4270150,4357847,4444110,4528996,4589872,4633890,4662785,4701074,4740306,4792246,4852678,4910768,4965753,5021059,5077543,5130729,5190705
South Carolina,3,Per capita personal income (dollars) 2/,1493,1556,1658,1728,1845,2024,2251,2416,2656,2959,3225,3449,3792,4213,4655,4963,5472,5886,6537,7219,7965,8845,9320,10033,11059,11719,12377,13126,14137,15190,16109,16495,17316,17991,18867,19765,20755,21728,22946,23764,25133,25737,26182,26832,27986,29285,30984,32402,33234,32010,32852,34479,35989,36204,38152,40053,41178,42819,44326,46173,48838,52074
South Dakota,1,Personal income (millions of dollars),1324.8,1333,1518.9,1473.1,1445.2,1625.9,1758,1786.1,1914.3,2076.4,2257.4,2473.1,2855.4,3605.3,3612,3972,3932.8,4462.6,5142.5,5664.9,5712.8,6651.8,7010.2,7270.6,8272.299999999999,8480.6,8847.5,9335.700000000001,9747.5,10492.4,11484.6,11966.6,12941.8,13531,14587.9,14883.5,16445,16805.8,18111.9,18990,20275.5,20953.8,20955.1,22890.3,24671.7,26202.3,27640.3,30673.9,32898.7,31893.7,33804,36842.8,37844.2,38365.9,40252.3,41912.7,42336.8,43813,46032,48547.8,52920.7,57949
South Dakota,2,Population (persons) 1/,683000,693000,705000,708000,701000,692000,683000,671000,669000,668000,666641,671382,677389,678939,679877,681420,686843,688992,689293,689018,690851,689584,690597,693009,697250,698404,696036,696034,698160,696698,697101,703669,712801,722159,730790,737925,742213,744223,746058,750412,755844,757972,760020,763729,770396,775493,783033,791623,799124,807067,816078,823160,832800,841206,847634,852134,860650,870163,875300,882507,887099,895376
South Dakota,3,Per capita personal income (dollars) 2/,1940,1924,2154,2081,2062,2350,2574,2662,2861,3108,3386,3684,4215,5310,5313,5829,5726,6477,7460,8222,8269,9646,10151,10491,11864,12143,12711,13413,13962,15060,16475,17006,18156,18737,19962,20169,22157,22582,24277,25306,26825,27645,27572,29972,32025,33788,35299,38748,41168,39518,41423,44758,45442,45608,47488,49186,49192,50350,52590,55011,59656,64720
Tennessee,1,Personal income (millions of dollars),5931,6277.8,6667.6,7071.8,7604.2,8286.5,9123.200000000001,9769.9,10893.8,11815.6,12849.4,14188.1,15970.6,18141.7,20073.6,21893.6,24519.7,27175.8,30979.3,34543.7,38078,42383.3,45046.2,48057.1,53481.4,57207.5,61216.4,65941,71646,76927.8,81783.89999999999,86008.89999999999,94052.89999999999,100091.8,106496.6,114364.9,120799,127953,139897.2,145517.2,154378.5,158384.6,162942.4,170160.3,180115.4,189003.8,201325.2,210986.9,219027.3,217218.6,227883,241617.6,254470.6,256753.8,267288.7,281281.1,290239.9,303062.7,319949.3,334750.2,351546.3,382748.6
Tennessee,2,Population (persons) 1/,3575000,3622000,3673000,3718000,3771000,3798000,3822000,3859000,3878000,3897000,3936975,4010238,4088445,4138417,4201621,4260829,4329160,4401939,4461639,4533297,4600252,4627662,4646043,4659757,4686743,4715292,4738708,4782939,4822438,4854432,4894492,4966587,5049742,5137584,5231438,5326936,5416643,5499233,5570045,5638706,5703719,5750789,5795918,5847812,5910809,5991057,6088766,6175727,6247411,6306019,6356320,6404344,6463111,6507640,6558710,6612901,6672356,6739437,6806545,6862378,6920119,6975218
Tennessee,3,Per capita personal income (dollars) 2/,1659,1733,1815,1902,2016,2182,2387,2532,2809,3032,3264,3538,3906,4384,4778,5138,5664,6174,6943,7620,8277,9159,9696,10313,11411,12132,12918,13787,14857,15847,16709,17318,18625,19482,20357,21469,22301,23267,25116,25807,27066,27541,28113,29098,30472,31548,33065,34164,35059,34446,35851,37727,39373,39454,40753,42535,43499,44969,47006,48781,50801,54873
Texas,1,Personal income (millions of dollars),19437.8,20546,21582.3,22539.1,24171.3,26016.7,28468.5,31101,34653.9,38575,42497,46116.2,51173.4,58113,65532.3,74746.7,84227.60000000001,93978.60000000001,108293.3,124677.5,143140.3,168292.4,185542.6,198083.6,216833.9,233562,238934.1,243559.4,258240.4,275917.1,297726.3,311370.4,336646,356399.2,376613.6,402805.3,433164.9,472178.4,515146.6,545418.2,594466,631990.8,640381.6,665861.1,698584.4,757968.6,832292.1,883810.4,971051.2,924343.9,985165.1,1077403.3,1152725.2,1184840.5,1274636.9,1300510.1,1296480.8,1387824.3,1483121.6,1544020.7,1618635.1,1762054.9
Texas,2,Population (persons) 1/,9624000,9820000,10053000,10159000,10270000,10378000,10492000,10599000,10819000,11045000,11236772,11509640,11758760,12018970,12267865,12568182,12903268,13191790,13497726,13887312,14338208,14746318,15331408,15751674,16007088,16272722,16561103,16621767,16667040,16806729,17056755,17398005,17759738,18161612,18564062,18958751,19340342,19740317,20157531,20558220,20944499,21319622,21690325,22030931,22394023,22778123,23359580,23831983,24309039,24801761,25238863,25630063,26055816,26438164,26907878,27399070,27830020,28192251,28510878,28857754,29217653,29527941
Texas,3,Per capita personal income (dollars) 2/,2020,2092,2147,2219,2354,2507,2713,2934,3203,3493,3782,4007,4352,4835,5342,5947,6528,7124,8023,8978,9983,11413,12102,12575,13546,14353,14427,14653,15494,16417,17455,17897,18956,19624,20287,21246,22397,23919,25556,26530,28383,29644,29524,30224,31195,33276,35630,37085,39946,37269,39034,42037,44241,44816,47370,47465,46586,49227,52019,53505,55399,59674
Utah,1,Personal income (millions of dollars),1909.8,2046.9,2228.1,2315.1,2436.9,2583.2,2751.3,2903.5,3111.6,3406.9,3791.4,4243.1,4741.4,5282.9,5910.4,6590.5,7463.6,8440.5,9711.700000000001,10972.4,12319.3,13892.7,15066.9,16135.2,17820.4,19069.9,20041.9,20994.6,22330,23967.4,25984.9,27864,30125.5,32491.3,35156.8,38308.3,41738.9,45125.2,48227.5,50859.2,54450.8,56922.7,58562.9,60872.6,64886.8,71095.3,79116,86153.10000000001,90386.89999999999,86761.60000000001,89439.2,96356.7,102990.8,106176.2,112620.2,121339.2,127881.4,135658.8,146326.4,157335,169656.3,184896.3
Utah,2,Population (persons) 1/,900000,936000,958000,974000,978000,994000,1009000,1019000,1029000,1047000,1065672,1100733,1134601,1168784,1198793,1233935,1272365,1316421,1364235,1416094,1472595,1515472,1558314,1594943,1622342,1642910,1662833,1678120,1689372,1705865,1731223,1779780,1836799,1898404,1960446,2014177,2067976,2119784,2165960,2203482,2244502,2283715,2324815,2360137,2401580,2457719,2525507,2597746,2663029,2723421,2776094,2818261,2860480,2908068,2950652,2999092,3063043,3125784,3180896,3232701,3281684,3337975
Utah,3,Per capita personal income (dollars) 2/,2122,2187,2326,2377,2492,2599,2727,2849,3024,3254,3558,3855,4179,4520,4930,5341,5866,6412,7119,7748,8366,9167,9669,10116,10984,11607,12053,12511,13218,14050,15010,15656,16401,17115,17933,19019,20183,21288,22266,23081,24260,24925,25190,25792,27018,28927,31327,33165,33941,31858,32218,34190,36005,36511,38168,40459,41750,43400,46002,48670,51698,55392
Vermont,1,Personal income (millions of dollars),768.3,800.8,840.5,871.3,933.7,1022.2,1159.8,1256.1,1382.4,1515.4,1663.9,1802.3,1989.1,2183.9,2364,2591.8,2876,3120.1,3573.4,4015.1,4505.3,5069.1,5502.3,5907.7,6496.3,7041,7574.2,8217.5,8976.799999999999,9917.1,10298,10499.4,11241.7,11680.9,12247.1,12890.2,13585.6,14333.1,15426.6,16303.8,17687.6,18804.8,19212.2,19980.1,21131.3,21666.5,23052,24280.9,25603.9,25291.7,26140,27690.6,28554.4,28964.3,30195.9,31079,31575.6,32406.1,33437.2,34569.6,36894.2,38542.9
Vermont,2,Population (persons) 1/,389000,390000,393000,397000,399000,404000,413000,423000,430000,437000,446323,454357,463214,468533,473138,479894,485144,492174,498284,505711,512524,515594,519108,523302,526658,530035,534066,540267,549763,557708,564798,568606,572751,577748,583836,589002,593701,597239,600416,604683,609618,612223,615442,617858,619920,621215,622892,623481,624151,624817,626360,629582,630661,632824,633827,635874,636342,639061,640667,641838,642495,645570
Vermont,3,Per capita personal income (dollars) 2/,1975,2053,2139,2195,2340,2530,2808,2969,3215,3468,3728,3967,4294,4661,4996,5401,5928,6339,7171,7940,8790,9832,10600,11289,12335,13284,14182,15210,16328,17782,18233,18465,19627,20218,20977,21885,22883,23999,25693,26963,29014,30716,31217,32338,34087,34878,37008,38944,41022,40479,41733,43982,45277,45770,47641,48876,49621,50709,52191,53860,57423,59704
Virginia,1,Personal income (millions of dollars),8173.2,8705.5,9395.700000000001,10106.6,11151,12037.5,13026.7,14251.2,15768.2,17847.7,19371.6,21411,23764.2,26612.7,29489.6,32379.8,35770.8,39631.2,44990.4,50182,56726.5,63698.2,68854.8,74239,82638.2,89308.39999999999,96341.5,104064.2,113916.6,123237,129558.2,135041.5,143668.6,150973.3,158882.8,167003.3,175342.4,186845.5,200072.5,214461.2,232469.6,244753.6,251379.6,266597.6,285112.6,304350,325251.8,342962.7,356536,349428.5,365245.5,385984.5,404179.7,401684.3,419329.6,438272.8,449830.1,467437.7,484936.8,502600.8,532256.2,565274.3
Virginia,2,Population (persons) 1/,3986000,4095000,4180000,4276000,4357000,4411000,4456000,4508000,4558000,4614000,4659930,4752846,4828131,4906648,4978155,5056385,5132693,5205706,5284122,5324533,5368334,5444094,5492785,5564662,5643868,5715149,5811692,5932273,6036908,6120246,6216884,6301217,6414307,6509630,6593139,6670693,6750884,6829183,6900918,7000174,7105817,7198362,7286873,7366977,7475575,7577105,7673725,7751000,7833496,7925937,8025030,8107628,8196915,8269638,8333578,8389864,8444688,8502578,8547016,8597339,8632044,8642274
Virginia,3,Per capita personal income (dollars) 2/,2050,2126,2248,2364,2559,2729,2923,3161,3459,3868,4157,4505,4922,5424,5924,6404,6969,7613,8514,9425,10567,11700,12535,13341,14642,15627,16577,17542,18870,20136,20840,21431,22398,23192,24098,25035,25973,27360,28992,30637,32715,34001,34498,36188,38139,40167,42385,44248,45514,44087,45513,47608,49309,48573,50318,52238,53268,54976,56738,58460,61661,65408
Washington,1,Personal income (millions of dollars),7248,7609.3,8203.1,8393.9,8787.299999999999,9465.1,10693.3,11710.4,13034.8,14235.8,15036.7,15838.6,17079,19236,21826.7,24719.6,27398.8,30412,35366.6,40755.5,46241.9,51391.3,54606.4,58281.5,62431.1,66376.3,70875.8,75031.2,81724.10000000001,90313.2,99151.2,106188.9,114759,120676.9,126855.4,134146.3,144246.2,155513.9,170274.9,180875.8,193410,198031,201013.6,209084.9,224764.7,233923.2,255002.6,276678.4,290319.4,277305.3,285579.9,302075.9,326698.8,333763.7,359690.6,381158.1,401774.3,426283.5,454257,479840.9,516441.1,556326.7
Washington,2,Population (persons) 1/,2855000,2882000,2942000,2955000,2961000,2967000,3057000,3174000,3270000,3343000,3417362,3446958,3446815,3477227,3547877,3618824,3690561,3772360,3886191,4012831,4154678,4235728,4276551,4300269,4343657,4400096,4452724,4531903,4639894,4746315,4903043,5025624,5160757,5278842,5375161,5481027,5569753,5674747,5769562,5842564,5910512,5985722,6052349,6104115,6178645,6257305,6370753,6461587,6562231,6667426,6743597,6830460,6904030,6974173,7068026,7180454,7315935,7446807,7548537,7638689,7718785,7738692
Washington,3,Per capita personal income (dollars) 2/,2539,2640,2788,2841,2968,3190,3498,3689,3986,4258,4400,4595,4955,5532,6152,6831,7424,8062,9101,10156,11130,12133,12769,13553,14373,15085,15917,16556,17613,19028,20222,21129,22237,22860,23600,24475,25898,27405,29513,30958,32723,33084,33212,34253,36378,37384,40027,42819,44241,41591,42348,44225,47320,47857,50890,53083,54918,57244,60178,62817,66907,71889
West Virginia,1,Personal income (millions of dollars),3075.7,3117.2,3255.6,3400.1,3628.1,3877.8,4115.3,4360.6,4622.8,4944.1,5511.8,6051.6,6700.7,7333.2,8128.7,9186.1,10241.1,11457.3,12752.7,14222.6,15632.7,17051.2,18069.4,18550.2,19940.7,20765.6,21261.4,21785,23237.6,24601,26186.2,27308.2,29404.4,30498.8,31820.5,32894.7,34208.8,35630.2,37123,38114.1,40327.7,42791.9,44263.4,44986.9,46658.4,49118.6,52467.6,54490.8,58167.1,58608.6,60753.8,64227.3,65898.5,65572.8,67764.39999999999,69178.60000000001,68630.10000000001,71397.60000000001,74777.89999999999,76299.5,80304.10000000001,85256.10000000001
West Virginia,2,Population (persons) 1/,1853000,1828000,1809000,1796000,1797000,1786000,1775000,1769000,1763000,1746000,1746629,1770252,1796910,1805293,1814048,1840548,1877440,1905628,1920342,1939062,1951349,1954125,1949605,1945058,1927696,1906831,1882352,1857583,1830213,1806570,1792548,1798735,1806451,1817539,1820421,1823700,1822808,1819113,1815609,1811799,1807021,1801481,1805414,1812295,1816438,1820492,1827912,1834052,1840310,1847775,1854409,1857326,1858745,1856642,1853014,1846341,1835998,1822785,1810588,1800430,1789798,1782959
West Virginia,3,Per capita personal income (dollars) 2/,1660,1705,1800,1893,2019,2171,2318,2465,2622,2832,3156,3418,3729,4062,4481,4991,5455,6012,6641,7335,8011,8726,9268,9537,10344,10890,11295,11728,12697,13618,14608,15182,16277,16780,17480,18037,18767,19587,20447,21037,22317,23754,24517,24823,25687,26981,28704,29711,31607,31718,32762,34581,35453,35318,36570,37468,37380,39169,41300,42378,44868,47817
Wisconsin,1,Personal income (millions of dollars),8994.299999999999,9282.4,9809.700000000001,10135.2,10909.4,11798.4,12888.4,13602.2,14896.3,16424.6,17648.8,18959.2,20731.6,23157.8,25436.5,27872,30609.1,34210.4,38209.9,42797.6,47282,51613.4,54462.3,57196.7,62913.2,66276.7,69916.8,73793.7,78456.3,85533.89999999999,90431.2,94002.39999999999,101407.7,106713.9,113394.4,119327.1,126196.7,133915.2,143202,148959.2,158832.3,166751.6,171113.4,176142.7,184301.6,191047.1,202681.2,212179.2,220311.5,216466.3,222982.7,235433.8,246242.3,247847.4,258347.8,269703.9,274374.7,284474.8,297730.1,308224.4,324252,345286.5
Wisconsin,2,Population (persons) 1/,3962000,4009000,4049000,4112000,4165000,4232000,4274000,4303000,4345000,4378000,4425944,4459968,4498433,4518461,4538173,4569616,4584688,4613299,4631944,4665911,4712045,4726345,4728862,4721438,4735571,4747765,4755625,4777923,4822391,4856568,4904562,4964343,5025398,5084889,5133678,5184836,5229986,5266213,5297672,5332666,5373999,5406835,5445162,5479203,5514026,5546166,5577655,5610775,5640996,5669264,5691995,5713164,5734069,5757204,5778371,5794088,5812379,5836461,5858766,5880193,5892323,5895908
Wisconsin,3,Per capita personal income (dollars) 2/,2270,2315,2423,2465,2619,2788,3016,3161,3428,3752,3988,4251,4609,5125,5605,6099,6676,7416,8249,9172,10034,10920,11517,12114,13285,13960,14702,15445,16269,17612,18438,18936,20179,20986,22088,23015,24129,25429,27031,27933,29556,30841,31425,32148,33424,34447,36338,37816,39055,38182,39175,41209,42944,43050,44709,46548,47205,48741,50818,52417,55030,58564
Wyoming,1,Personal income (millions of dollars),788.5,829.3,859,878.9,906.3,935.6,958.3,1025.4,1093.6,1218.6,1347.9,1497.5,1684.5,1968.6,2302.7,2607.4,2890.4,3375.6,4033.7,4716.1,5506.3,6299.8,6616.9,6568.1,6857.1,7160.4,7130.6,6864.3,7002.6,7642.6,8233.299999999999,8642.4,9130.700000000001,9659.9,10102.5,10585.4,11077.7,11885,12640.3,13532.7,14634.6,15505.9,15927.6,16959.1,18360.8,20250,23254.6,24752.8,27163.2,24949.2,26328.8,28786.6,31199.6,31240.1,33549.3,33761.8,31908.5,32918.5,34690.9,35424.5,36019.8,37985.3
Wyoming,2,Population (persons) 1/,331000,337000,333000,336000,339000,332000,323000,322000,324000,329000,333795,340023,346863,353353,364548,380477,395446,411530,430897,451850,474185,491712,506400,510344,504895,499696,495633,476966,465103,458373,453690,459260,466251,473081,480283,485160,488167,489451,490787,491780,494300,494657,500017,503453,509106,514157,522667,534876,546043,559851,564405,566858,575497,580930,580949,583645,581983,576248,574801,575341,577267,578803
Wyoming,3,Per capita personal income (dollars) 2/,2382,2461,2580,2616,2673,2818,2967,3184,3375,3704,4038,4404,4856,5571,6317,6853,7309,8203,9361,10437,11612,12812,13066,12870,13581,14330,14387,14392,15056,16673,18147,18818,19583,20419,21034,21818,22693,24282,25755,27518,29607,31347,31854,33686,36065,39385,44492,46278,49746,44564,46649,50783,54213,53776,57749,57846,54827,57126,60353,61571,62397,65627
New England,1,Personal income (millions of dollars),26542.5,27857.7,29542.6,30880.8,33063,35461.5,38500.4,41841.7,45290.8,50009,53914.9,57438.1,62243.4,67915.89999999999,73638.8,79316.2,86256.7,94469.60000000001,104955.4,117375.1,132710.3,148437.9,161733.9,174683.4,195849.6,211532.1,228358.7,248105.3,273206.6,293085.5,301734.7,306345,323878.8,335792.3,350229.7,369981,390679,415533,445364.8,472872.1,521001.3,545723.2,547766.6,560206.2,590003.7,615879.8,661557.2,699132.8,730690.9,720333.6,752442.8,782522,809132.8,807741.7,845796,886726,912818.4,946247.1,989558.8,1026028.5,1086527.7,1156874.7
New England,2,Population (persons) 1/,10532000,10666000,10800000,10986000,11186000,11329000,11430000,11562000,11637000,11735000,11878088,11996218,12087834,12147736,12156540,12176402,12207302,12257357,12302714,12345269,12371656,12435782,12467917,12544350,12641838,12740544,12833004,12951233,13084523,13181740,13229502,13247630,13271045,13334364,13396380,13472634,13554814,13642197,13733828,13837653,13949721,14041043,14122441,14182454,14206683,14216656,14245540,14279205,14340115,14403575,14476185,14564200,14650420,14731535,14816797,14869837,14926033,14993799,15053190,15089460,15101332,15092739
New England,3,Per capita personal income (dollars) 2/,2520,2612,2735,2811,2956,3130,3368,3619,3892,4262,4539,4788,5149,5591,6058,6514,7066,7707,8531,9508,10727,11936,12972,13925,15492,16603,17795,19157,20880,22234,22808,23125,24405,25182,26144,27462,28822,30459,32428,34173,37349,38866,38787,39500,41530,43321,46440,48962,50954,50011,51978,53729,55229,54831,57084,59633,61156,63109,65737,67996,71949,76651
Mideast,1,Personal income (millions of dollars),102030.3,106262,112437.1,117653.9,126000.2,134825.4,145316.6,156523.9,171746.9,184917.2,199975.2,214651.5,232153.1,251006.8,272561.5,295272.3,317631.9,345171,378978,416696.2,462774.8,514658.4,555921.4,594414.2,653789.7,699171.3,744958.5,795875.7,870726.5,940366.6,998459.3,1017674,1077694.6,1113458.8,1152220.3,1211698,1275883,1347506,1430852.8,1507596.1,1630935,1696754.4,1715338.1,1759198.1,1850195.4,1926908.3,2056530.9,2190497.8,2254167,2207522.5,2297100.4,2417297.1,2519931.4,2544627.4,2652752.3,2769073,2857259.7,2989806.2,3109861.7,3208874,3402857.8,3590523.2
Mideast,2,Population (persons) 1/,38597000,39133000,39552000,40083000,40555000,41025000,41360000,41617000,41924000,42111000,42516918,42869509,42991563,42836999,42709177,42727721,42667403,42546619,42421484,42358101,42272235,42328543,42382098,42543638,42686518,42793973,42991120,43189888,43435353,43584907,43761704,44070941,44392469,44717161,44969670,45186033,45383860,45579719,45822025,46105834,46386027,46619373,46841190,47034773,47162342,47239239,47334435,47473718,47684886,47943872,48241659,48630886,48968003,49256449,49515008,49723638,49895423,50066003,50217876,50304910,50278959,49905662
Mideast,3,Per capita personal income (dollars) 2/,2643,2715,2843,2935,3107,3286,3513,3761,4097,4391,4703,5007,5400,5860,6382,6911,7444,8113,8934,9837,10947,12159,13117,13972,15316,16338,17328,18427,20046,21576,22816,23092,24277,24900,25622,26816,28113,29564,31226,32699,35160,36396,36620,37402,39230,40790,43447,46141,47272,46044,47617,49707,51461,51661,53575,55689,57265,59717,61927,63788,67680,71946
Great Lakes,1,Personal income (millions of dollars),88933.5,91138.5,96685.2,101230.5,108769.5,118705.6,129095.6,135847.3,148258,162016.5,170705.3,183694.7,200707.9,224429.1,243765.6,263253.1,289628.3,321433.8,356577.6,392787.6,425780.6,464803.9,486801.3,512202.9,565477.9,600323.9,632500.1,664885.9,712815.8,767369.6,810354.1,830740.6,890729.1,930987.7,987885.5,1041548.9,1099478.7,1161498.6,1234434.6,1285398.2,1370277.4,1411718.2,1427690.6,1464134.4,1522011,1573033.8,1654969.8,1728248.1,1783643.6,1716691.1,1776452.2,1879160,1960700.3,1991993.7,2079147.1,2171984.3,2213769.8,2286479,2389121.5,2465917.5,2625186.9,2801365.2
Great Lakes,2,Population (persons) 1/,36290000,36616000,36927000,37357000,37868000,38405000,38951000,39347000,39645000,39904000,40319722,40622322,40824274,40946800,41036791,41105385,41186726,41353165,41510152,41610978,41693671,41647869,41492474,41366046,41393218,41417995,41455030,41589687,41720866,41872543,42091157,42495903,42902625,43274741,43589980,43923694,44239468,44493603,44727877,44969225,45216019,45401564,45550284,45707787,45844372,45949142,46071573,46187992,46275120,46355854,46450820,46580609,46702192,46858230,46981634,47048673,47136309,47234338,47306617,47358868,47321463,47204190
Great Lakes,3,Per capita personal income (dollars) 2/,2451,2489,2618,2710,2872,3091,3314,3453,3740,4060,4234,4522,4916,5481,5940,6404,7032,7773,8590,9440,10212,11160,11732,12382,13661,14494,15257,15987,17085,18326,19252,19549,20762,21513,22663,23713,24853,26105,27599,28584,30305,31094,31343,32032,33200,34234,35922,37418,38544,37033,38244,40342,41983,42511,44254,46165,46965,48407,50503,52069,55476,59346
Plains,1,Personal income (millions of dollars),33348.9,34588.5,36922.1,38402.7,40037.5,43928.8,47250,49582.9,54099.1,59315.6,64334.1,69266.8,76510.3,89248.89999999999,94448.8,103645,111097.7,122799.3,138981.4,153329.1,165726.1,187486.2,199706.4,209173.7,233263.6,246146.4,257590.9,271385.9,284961,307373.9,325178.7,336324.1,360431.4,372542.5,397795.5,417276.1,448955,471677.3,502325,522631.7,559764.8,579933.3,590943.4,616547.2,651320.2,676843.1,718682.3,765239.2,812833.5,788918.9,819841.3,878497,927647.3,939417.7,979811.3,1011992.5,1024103,1055302.1,1104159,1142093.7,1213002.7,1300672.3
Plains,2,Population (persons) 1/,15424000,15570000,15657000,15715000,15787000,15819000,15888000,15942000,16047000,16202000,16349829,16474813,16562762,16628032,16671561,16742551,16863608,16949656,17028437,17097176,17207567,17264245,17291648,17325258,17382070,17401690,17392728,17427930,17533255,17595235,17697550,17843335,18026179,18209613,18380746,18549556,18705269,18851351,18988053,19130836,19275412,19374967,19468009,19569167,19687933,19802730,19956982,20105697,20248815,20392583,20539838,20660553,20785452,20920302,21048846,21164829,21272897,21380289,21473830,21561667,21613711,21637254
Plains,3,Per capita personal income (dollars) 2/,2162,2221,2358,2444,2536,2777,2974,3110,3371,3661,3935,4204,4619,5367,5665,6191,6588,7245,8162,8968,9631,10860,11549,12073,13420,14145,14810,15572,16253,17469,18374,18849,19995,20459,21642,22495,24002,25021,26455,27319,29040,29932,30355,31506,33082,34179,36012,38061,40142,38687,39915,42520,44630,44905,46549,47815,48141,49359,51419,52969,56122,60113
Southeast,1,Personal income (millions of dollars),66930,70593.3,75390.39999999999,80424.60000000001,86834.60000000001,94367.89999999999,103487.2,112233.9,124347.6,138939.4,152550,168335.2,189159,214955.9,239478.1,262258.2,291459.7,323485.4,367595,412930.2,465434,526761.6,564550.5,607945,675542.6,726369.3,773945.8,826505.5,898850.2,977272.9,1039866.1,1089343.2,1169367.4,1235140.5,1309965.1,1395632.8,1481272.1,1571741.4,1688323.4,1771502,1899855.6,1986389.3,2040468.2,2132775,2281487.4,2443495.2,2622134.4,2766647.5,2857798.6,2770280.1,2889336.6,3038507.1,3173915.8,3188790.8,3366606.7,3539296.7,3640705.1,3823894.2,4012286,4192547.4,4457671.5,4818997.4
Southeast,2,Population (persons) 1/,38885000,39544000,40179000,40742000,41349000,41857000,42257000,42611000,43042000,43440000,43973515,45013167,46019010,46991755,47954591,48787678,49513969,50311832,51113001,51976687,52881196,53627371,54248696,54856066,55514620,56198797,56861115,57536401,58120493,58733381,59516122,60500666,61508138,62530549,63574211,64601937,65611342,66655300,67626581,68569381,69497232,70317959,71151666,71961591,73019229,74148386,75065947,76122849,77057840,77814936,78570325,79199406,79888872,80515501,81203968,81982533,82834748,83586827,84232711,84845052,85374665,85872186
Southeast,3,Per capita personal income (dollars) 2/,1721,1785,1876,1974,2100,2255,2449,2634,2889,3198,3469,3740,4110,4574,4994,5376,5886,6430,7192,7945,8802,9823,10407,11083,12169,12925,13611,14365,15465,16639,17472,18005,19012,19753,20605,21604,22576,23580,24965,25835,27337,28249,28678,29638,31245,32954,34931,36345,37086,35601,36774,38365,39729,39605,41459,43171,43951,45748,47633,49414,52213,56118
Southwest,1,Personal income (millions of dollars),28816.8,30430.4,31996.2,33362.1,35740.6,38345.9,41705.9,45389.8,50517.5,56500.5,62538.5,68407.8,76144.8,86582,97435.2,110068.1,123376.8,137741.1,158696.7,183167.4,210219.7,245543.5,269938.8,287699.6,315287.7,339561.3,350080,359140.1,380981.1,407156.2,435969.9,456159.5,491174.9,520514.4,552547.6,591291.9,634836.8,687796.1,746467.4,786877.1,856233.9,908262.5,925637.2,966646.2,1024730.6,1115535.4,1226825.5,1298424.6,1407499.4,1337547.6,1411786.4,1528781,1626388,1671537.2,1790353.2,1826323.9,1826527.7,1942829.4,2067960,2159950.6,2283249.3,2473434.2
Southwest,2,Population (persons) 1/,14235000,14572000,14930000,15108000,15278000,15414000,15567000,15734000,15998000,16328000,16621375,17076950,17502870,17942658,18354229,18789070,19269802,19710280,20180482,20776513,21426140,21985332,22791219,23405364,23776476,24165954,24584827,24747513,24859623,25083118,25411251,25917326,26491437,27115790,27772489,28419852,29019737,29625063,30239551,30827272,31380654,31891889,32430969,32923761,33475468,34098071,34944948,35624083,36269039,36899289,37465360,37945350,38468774,38946001,39512694,40110452,40648062,41093589,41512417,41982207,42475236,42906773
Southwest,3,Per capita personal income (dollars) 2/,2024,2088,2143,2208,2339,2488,2679,2885,3158,3460,3763,4006,4350,4825,5309,5858,6403,6988,7864,8816,9811,11169,11844,12292,13260,14051,14240,14512,15325,16232,17157,17601,18541,19196,19896,20806,21876,23217,24685,25525,27285,28479,28542,29360,30611,32715,35107,36448,38807,36249,37682,40289,42278,42919,45311,45532,44935,47278,49815,51449,53755,57647
Rocky Mountain,1,Personal income (millions of dollars),9819.200000000001,10406.6,11218.4,11582.9,12119.7,13009.6,13792.2,14653.3,15901.4,17805.8,19931.4,22181.8,25136.6,28740.4,32389.6,35793.1,39578,44130.6,51079.3,57685.6,65482.5,74507.3,80525,86073.89999999999,93219.2,98385.10000000001,101921,105381.3,111342.8,120542.6,128615.7,136495.4,147774.2,159847.4,171007.8,184801.1,198590.6,212577.2,231641.6,246464.8,269911.8,282691.2,286676.4,296149.7,312694.7,336666.4,368734.1,395225,412916,393820.4,408127,440397.7,468046.3,486655.2,522936.8,550866.9,563546.4,599075.8,640642.7,678596.3,722806.1,784253.7
Rocky Mountain,2,Population (persons) 1/,4350000,4497000,4580000,4632000,4673000,4703000,4735000,4783000,4868000,4943000,5037873,5194044,5368407,5527390,5649835,5781745,5915555,6078758,6256862,6438928,6592318,6742612,6903979,7034816,7108977,7167704,7199874,7205624,7202616,7234109,7305119,7477155,7696444,7938748,8171343,8379865,8565452,8745913,8918147,9094461,9268926,9430982,9567277,9675332,9807510,9972107,10189958,10406301,10609537,10793888,10949633,11089025,11230078,11386485,11539776,11721767,11915924,12094213,12268132,12427477,12577224,12734041
Rocky Mountain,3,Per capita personal income (dollars) 2/,2257,2314,2449,2501,2594,2766,2913,3064,3267,3602,3956,4271,4682,5200,5733,6191,6690,7260,8164,8959,9933,11050,11664,12235,13113,13726,14156,14625,15459,16663,17606,18255,19200,20135,20928,22053,23185,24306,25974,27101,29120,29975,29964,30609,31883,33761,36186,37979,38919,36485,37273,39715,41678,42740,45316,46995,47294,49534,52220,54605,57469,61587
Far West,1,Personal income (millions of dollars),61278.7,64770,69808,74242.39999999999,80067.7,85799.3,93565.10000000001,100755.3,110715.6,121725.1,131575.5,140637.1,154352.9,170589.1,191194.4,212899,236674.9,262401.2,298985.6,339285.8,385032.1,430716.2,460616.7,496483.2,547057.8,588981.6,630292,675313.3,734928.9,796499.9,857642.6,894209,948869.6,980448.4,1018476.7,1073913.2,1143490.8,1218605.4,1322184.4,1413243,1546581.2,1598369.9,1623161.6,1695736.3,1804870,1911241.2,2064707.8,2170692,2216349,2138292.6,2231422.4,2365274.2,2517584.1,2558464.3,2732123.7,2924969.8,3053982.8,3201394.1,3367569.4,3527996,3816145,4130501.2
Far West,2,Population (persons) 1/,21659000,22378000,23114000,23811000,24389000,24908000,25311000,25779000,26151000,26635000,27101402,27570486,27918162,28327835,28800911,29346033,29929494,30553208,31285112,31964927,32779936,33433990,34086401,34716476,35321190,36037077,36815133,37640660,38542275,39534189,40610409,41427985,42225887,42797622,43271002,43744822,44314342,45053779,45798042,46505506,47188420,47891178,48493357,49053068,49601761,50090268,50570529,51031362,51608614,52167532,52684613,53171603,53650540,54120872,54651324,55207598,55738346,56174005,56477384,56663461,56758490,56540900
Far West,3,Per capita personal income (dollars) 2/,2829,2894,3020,3118,3283,3445,3697,3908,4234,4570,4855,5101,5529,6022,6638,7255,7908,8588,9557,10614,11746,12883,13513,14301,15488,16344,17120,17941,19068,20147,21119,21585,22471,22909,23537,24549,25804,27048,28870,30389,32775,33375,33472,34569,36387,38156,40828,42536,42945,40989,42354,44484,46926,47273,49992,52981,54791,56991,59627,62262,67235,73053
